diameter[mm],T[k],wavelength[mm],K2,radarsx[mm2],extxs[mm2]
0.01,293.15,3.18928146809,0.817877254303,2.41921375557e-12,4.46553231599e-07
0.02,293.15,3.18928146809,0.817877254303,1.54838294392e-10,3.57708434047e-06
0.03,293.15,3.18928146809,0.817877254303,1.76386684516e-09,1.20991910284e-05
0.04,293.15,3.18928146809,0.817877254303,9.91182500496e-09,2.87687470663e-05
0.05,293.15,3.18928146809,0.817877254303,3.78167712154e-08,5.64159003644e-05
0.060000000000000005,293.15,3.18928146809,0.817877254303,1.12942704997e-07,9.7972513479e-05
0.06999999999999999,293.15,3.18928146809,0.817877254303,2.84865963502e-07,0.000156501211364
0.08,293.15,3.18928146809,0.817877254303,6.3490642427e-07,0.000235226153094
0.09,293.15,3.18928146809,0.817877254303,1.28753272002e-06,0.000337565687099
0.09999999999999999,293.15,3.18928146809,0.817877254303,2.42355638386e-06,0.000467166944585
0.11,293.15,3.18928146809,0.817877254303,4.2951276547e-06,0.000627942724305
0.12,293.15,3.18928146809,0.817877254303,7.24255659796e-06,0.000824110641352
0.13,293.15,3.18928146809,0.817877254303,1.17129739213e-05,0.00106023472316
0.14,293.15,3.18928146809,0.817877254303,1.82808770191e-05,0.00134126950501
0.15000000000000002,293.15,3.18928146809,0.817877254303,2.76705699579e-05,0.00167260749463
0.16,293.15,3.18928146809,0.817877254303,4.07805719244e-05,0.00206012893828
0.17,293.15,3.18928146809,0.817877254303,5.8709977856e-05,0.00251025484774
0.18000000000000002,293.15,3.18928146809,0.817877254303,8.27869639215e-05,0.00303000345918
0.19,293.15,3.18928146809,0.817877254303,0.000114599290061,0.0036270507491
0.2,293.15,3.18928146809,0.817877254303,0.00015602711972,0.00430979254634
0.21000000000000002,293.15,3.18928146809,0.817877254303,0.000209278043438,0.00508741212524
0.22,293.15,3.18928146809,0.817877254303,0.000276924695786,0.00596995102736
0.23,293.15,3.18928146809,0.817877254303,0.000361944532012,0.00696838288684
0.24000000000000002,293.15,3.18928146809,0.817877254303,0.000467762894434,0.00809469196852
0.25,293.15,3.18928146809,0.817877254303,0.00059829830271,0.00936195434126
0.26,293.15,3.18928146809,0.817877254303,0.000758011160714,0.0107844234179
0.27,293.15,3.18928146809,0.817877254303,0.000951956014898,0.0123776179741
0.28,293.15,3.18928146809,0.817877254303,0.00118583673203,0.0141584146032
0.29000000000000004,293.15,3.18928146809,0.817877254303,0.00146606651494,0.0161451387288
0.3,293.15,3.18928146809,0.817877254303,0.00179983072504,0.0183576663004
0.31,293.15,3.18928146809,0.817877254303,0.00219515594476,0.0208175138439
0.32,293.15,3.18928146809,0.817877254303,0.00266098280469,0.023547941862
0.33,293.15,3.18928146809,0.817877254303,0.00320724470118,0.0265740452202
0.34,293.15,3.18928146809,0.817877254303,0.00384495354121,0.0299228587273
0.35000000000000003,293.15,3.18928146809,0.817877254303,0.00458628839817,0.0336234362686
0.36000000000000004,293.15,3.18928146809,0.817877254303,0.00544469652178,0.0377069449532
0.37,293.15,3.18928146809,0.817877254303,0.00643499632793,0.0422067389177
0.38,293.15,3.18928146809,0.817877254303,0.00757349050227,0.0471584369681
0.39,293.15,3.18928146809,0.817877254303,0.00887809111012,0.0525999697596
0.4,293.15,3.18928146809,0.817877254303,0.0103684470174,0.0585716328666
0.41000000000000003,293.15,3.18928146809,0.817877254303,0.0120660757281,0.0651161011354
0.42000000000000004,293.15,3.18928146809,0.817877254303,0.0139945239834,0.0722784478484
0.43,293.15,3.18928146809,0.817877254303,0.0161795108814,0.0801061085634
0.44,293.15,3.18928146809,0.817877254303,0.0186490864841,0.0886488477684
0.45,293.15,3.18928146809,0.817877254303,0.0214338067804,0.0979586710865
0.46,293.15,3.18928146809,0.817877254303,0.0245669003476,0.108089734909
0.47000000000000003,293.15,3.18928146809,0.817877254303,0.0280844200379,0.119098171042
0.48000000000000004,293.15,3.18928146809,0.817877254303,0.0320254356404,0.13104193213
0.49,293.15,3.18928146809,0.817877254303,0.0364321449506,0.143980535592
0.5,293.15,3.18928146809,0.817877254303,0.0413500602328,0.157974844193
0.51,293.15,3.18928146809,0.817877254303,0.0468280642772,0.173086710533
0.52,293.15,3.18928146809,0.817877254303,0.0529185411021,0.189378665961
0.53,293.15,3.18928146809,0.817877254303,0.0596773650576,0.206913519711
0.54,293.15,3.18928146809,0.817877254303,0.0671639134519,0.225753955987
0.55,293.15,3.18928146809,0.817877254303,0.0754409506885,0.245962092634
0.56,293.15,3.18928146809,0.817877254303,0.0845744508056,0.267598933643
0.5700000000000001,293.15,3.18928146809,0.817877254303,0.094633363423,0.290724009923
0.5800000000000001,293.15,3.18928146809,0.817877254303,0.105689202687,0.315394714064
0.59,293.15,3.18928146809,0.817877254303,0.117815543774,0.341665909331
0.6,293.15,3.18928146809,0.817877254303,0.131087417533,0.369589242561
0.61,293.15,3.18928146809,0.817877254303,0.145580482867,0.39921275302
0.62,293.15,3.18928146809,0.817877254303,0.161370199602,0.430580265827
0.63,293.15,3.18928146809,0.817877254303,0.178530698438,0.463730828174
0.64,293.15,3.18928146809,0.817877254303,0.1971335035,0.498698212996
0.65,293.15,3.18928146809,0.817877254303,0.217246425986,0.535510279819
0.66,293.15,3.18928146809,0.817877254303,0.238931837653,0.574188496936
0.67,293.15,3.18928146809,0.817877254303,0.262245401285,0.614747474199
0.68,293.15,3.18928146809,0.817877254303,0.287234266136,0.657194100842
0.6900000000000001,293.15,3.18928146809,0.817877254303,0.313935629097,0.701527278993
0.7000000000000001,293.15,3.18928146809,0.817877254303,0.343946399676,0.749248144528
0.7100000000000001,293.15,3.18928146809,0.817877254303,0.374472720231,0.797613749506
0.72,293.15,3.18928146809,0.817877254303,0.406779812351,0.84783044456
0.73,293.15,3.18928146809,0.817877254303,0.440850303946,0.899858645525
0.74,293.15,3.18928146809,0.817877254303,0.476649843089,0.953647821128
0.75,293.15,3.18928146809,0.817877254303,0.514126081707,1.00913625158
0.76,293.15,3.18928146809,0.817877254303,0.553208372937,1.06625052288
0.77,293.15,3.18928146809,0.817877254303,0.593807529607,1.12490580887
0.78,293.15,3.18928146809,0.817877254303,0.635816040514,1.18500582738
0.79,293.15,3.18928146809,0.817877254303,0.679108641333,1.24644356238
0.8,293.15,3.18928146809,0.817877254303,0.723543531534,1.30910135044
0.81,293.15,3.18928146809,0.817877254303,0.76896336019,1.3728521589
0.8200000000000001,293.15,3.18928146809,0.817877254303,0.815197348233,1.43756055259
0.8300000000000001,293.15,3.18928146809,0.817877254303,0.862063002504,1.50308423826
0.8400000000000001,293.15,3.18928146809,0.817877254303,0.909368695952,1.56927523515
0.85,293.15,3.18928146809,0.817877254303,0.956915864734,1.63598204378
0.86,293.15,3.18928146809,0.817877254303,1.00450168612,1.70305141055
0.87,293.15,3.18928146809,0.817877254303,1.05192190773,1.77032993309
0.88,293.15,3.18928146809,0.817877254303,1.0989732652,1.83766686744
0.89,293.15,3.18928146809,0.817877254303,1.14545619465,1.90491528067
0.9,293.15,3.18928146809,0.817877254303,1.19117714959,1.97193445327
0.91,293.15,3.18928146809,0.817877254303,1.23595061063,2.03859133452
0.92,293.15,3.18928146809,0.817877254303,1.27960088347,2.10476260679
0.93,293.15,3.18928146809,0.817877254303,1.32196408054,2.17033540832
0.9400000000000001,293.15,3.18928146809,0.817877254303,1.36288863846,2.23520868721
0.9500000000000001,293.15,3.18928146809,0.817877254303,1.40223669671,2.29929431545
0.9600000000000001,293.15,3.18928146809,0.817877254303,1.43988447772,2.36251718069
0.97,293.15,3.18928146809,0.817877254303,1.47572203338,2.42481578572
0.98,293.15,3.18928146809,0.817877254303,1.50965366297,2.48614204849
0.99,293.15,3.18928146809,0.817877254303,1.54159791293,2.54646149724
1.0,293.15,3.18928146809,0.817877254303,1.57148543547,2.60575224136
1.01,293.15,3.18928146809,0.817877254303,1.59926013049,2.66400494134
1.02,293.15,3.18928146809,0.817877254303,1.6248766685,2.72122167737
1.03,293.15,3.18928146809,0.817877254303,1.64830064837,2.77741536186
1.04,293.15,3.18928146809,0.817877254303,1.6695065437,2.83260851732
1.05,293.15,3.18928146809,0.817877254303,1.68847764665,2.88683290735
1.06,293.15,3.18928146809,0.817877254303,1.70520395527,2.94012742786
1.07,293.15,3.18928146809,0.817877254303,1.71968274778,2.99253849722
1.08,293.15,3.18928146809,0.817877254303,1.73191553193,3.04411793724
1.09,293.15,3.18928146809,0.817877254303,1.74190918884,3.09492249834
1.1,293.15,3.18928146809,0.817877254303,1.74967404739,3.1450133294
1.11,293.15,3.18928146809,0.817877254303,1.75522396618,3.19445439586
1.12,293.15,3.18928146809,0.817877254303,1.75857516487,3.24331255731
1.1300000000000001,293.15,3.18928146809,0.817877254303,1.75974625821,3.29165616271
1.1400000000000001,293.15,3.18928146809,0.817877254303,1.75875793687,3.33955504806
1.1500000000000001,293.15,3.18928146809,0.817877254303,1.75563211057,3.38707951499
1.1600000000000001,293.15,3.18928146809,0.817877254303,1.75039284351,3.43430036793
1.17,293.15,3.18928146809,0.817877254303,1.74306569012,3.48128822032
1.18,293.15,3.18928146809,0.817877254303,1.7336772902,3.52811270633
1.19,293.15,3.18928146809,0.817877254303,1.72225674206,3.5748433766
1.2,293.15,3.18928146809,0.817877254303,1.70883462618,3.6215484246
1.21,293.15,3.18928146809,0.817877254303,1.69344321891,3.66829448464
1.22,293.15,3.18928146809,0.817877254303,1.67611754943,3.71514736667
1.23,293.15,3.18928146809,0.817877254303,1.65689478637,3.76217047446
1.24,293.15,3.18928146809,0.817877254303,1.63581591435,3.80942686214
1.25,293.15,3.18928146809,0.817877254303,1.61292373544,3.8569763059
1.26,293.15,3.18928146809,0.817877254303,1.58826517423,3.90487767157
1.27,293.15,3.18928146809,0.817877254303,1.56189075147,3.95318751438
1.28,293.15,3.18928146809,0.817877254303,1.53385523075,4.00196072256
1.29,293.15,3.18928146809,0.817877254303,1.50421761996,4.05124987693
1.3,293.15,3.18928146809,0.817877254303,1.47304103918,4.10110526119
1.31,293.15,3.18928146809,0.817877254303,1.44039420571,4.15157574091
1.32,293.15,3.18928146809,0.817877254303,1.40635031997,4.20270746986
1.33,293.15,3.18928146809,0.817877254303,1.37098760818,4.25454430789
1.34,293.15,3.18928146809,0.817877254303,1.33438979199,4.307127986
1.35,293.15,3.18928146809,0.817877254303,1.29664630049,4.36049845393
1.36,293.15,3.18928146809,0.817877254303,1.2578513657,4.41469257618
1.37,293.15,3.18928146809,0.817877254303,1.21810532527,4.46974542925
1.3800000000000001,293.15,3.18928146809,0.817877254303,1.17751357468,4.5256891187
1.3900000000000001,293.15,3.18928146809,0.817877254303,1.13618703627,4.58255416209
1.4000000000000001,293.15,3.18928146809,0.817877254303,1.09424121505,4.64036748143
1.4100000000000001,293.15,3.18928146809,0.817877254303,1.05179787877,4.69915477062
1.42,293.15,3.18928146809,0.817877254303,1.00898243463,4.75893823008
1.43,293.15,3.18928146809,0.817877254303,0.965925386671,4.81973803482
1.44,293.15,3.18928146809,0.817877254303,0.922761627619,4.88157184941
1.45,293.15,3.18928146809,0.817877254303,0.879629344077,4.94445428121
1.46,293.15,3.18928146809,0.817877254303,0.836670836451,5.00839798994
1.47,293.15,3.18928146809,0.817877254303,0.794030801239,5.07341248704
1.48,293.15,3.18928146809,0.817877254303,0.751856595254,5.13950481955
1.49,293.15,3.18928146809,0.817877254303,0.710298358084,5.20667989585
1.5,293.15,3.18928146809,0.817877254303,0.678466509926,5.2800616286
1.51,293.15,3.18928146809,0.817877254303,0.6372347721,5.34871579231
1.52,293.15,3.18928146809,0.817877254303,0.5969694935,5.41836616206
1.53,293.15,3.18928146809,0.817877254303,0.557832715892,5.48900454934
1.54,293.15,3.18928146809,0.817877254303,0.519987015113,5.56062048633
1.55,293.15,3.18928146809,0.817877254303,0.483595262414,5.63320109289
1.56,293.15,3.18928146809,0.817877254303,0.448819059299,5.70673089142
1.57,293.15,3.18928146809,0.817877254303,0.415818983359,5.78119314923
1.58,293.15,3.18928146809,0.817877254303,0.384752800994,5.85656732734
1.59,293.15,3.18928146809,0.817877254303,0.355775904164,5.93283225142
1.6,293.15,3.18928146809,0.817877254303,0.329039823153,6.00996382736
1.61,293.15,3.18928146809,0.817877254303,0.304692134476,6.08793657291
1.62,293.15,3.18928146809,0.817877254303,0.282875019337,6.16672344604
1.6300000000000001,293.15,3.18928146809,0.817877254303,0.263725196308,6.24629508111
1.6400000000000001,293.15,3.18928146809,0.817877254303,0.247373073771,6.32662145725
1.6500000000000001,293.15,3.18928146809,0.817877254303,0.233942293969,6.40767075185
1.6600000000000001,293.15,3.18928146809,0.817877254303,0.223548684315,6.48941006433
1.6700000000000002,293.15,3.18928146809,0.817877254303,0.216300173728,6.57180562487
1.68,293.15,3.18928146809,0.817877254303,0.212296031385,6.65482301503
1.69,293.15,3.18928146809,0.817877254303,0.211626404267,6.73842692947
1.7,293.15,3.18928146809,0.817877254303,0.21437208913,6.82258160548
1.71,293.15,3.18928146809,0.817877254303,0.220603767086,6.90725120907
1.72,293.15,3.18928146809,0.817877254303,0.230381896857,6.99239969733
1.73,293.15,3.18928146809,0.817877254303,0.24375640357,7.07799135265
1.74,293.15,3.18928146809,0.817877254303,0.260766578223,7.16399045371
1.75,293.15,3.18928146809,0.817877254303,0.281440621846,7.25036189664
1.76,293.15,3.18928146809,0.817877254303,0.305795792497,7.3370708874
1.77,293.15,3.18928146809,0.817877254303,0.333838034487,7.42408396177
1.78,293.15,3.18928146809,0.817877254303,0.365562221672,7.51136845842
1.79,293.15,3.18928146809,0.817877254303,0.400952312731,7.59889254828
1.8,293.15,3.18928146809,0.817877254303,0.439980888358,7.68662570198
1.81,293.15,3.18928146809,0.817877254303,0.482610353602,7.77453898369
1.82,293.15,3.18928146809,0.817877254303,0.528791509682,7.86260506691
1.83,293.15,3.18928146809,0.817877254303,0.578465163941,7.95079796474
1.84,293.15,3.18928146809,0.817877254303,0.631562007027,8.03909358456
1.85,293.15,3.18928146809,0.817877254303,0.68800263186,8.12746906481
1.86,293.15,3.18928146809,0.817877254303,0.74769806615,8.21590446609
1.87,293.15,3.18928146809,0.817877254303,0.810550206072,8.30438150325
1.8800000000000001,293.15,3.18928146809,0.817877254303,0.876452221019,8.39288310758
1.8900000000000001,293.15,3.18928146809,0.817877254303,0.945288297807,8.48139515126
1.9000000000000001,293.15,3.18928146809,0.817877254303,1.01693535979,8.56990539805
1.9100000000000001,293.15,3.18928146809,0.817877254303,1.09126201341,8.65840330923
1.9200000000000002,293.15,3.18928146809,0.817877254303,1.16813032989,8.74688098155
1.93,293.15,3.18928146809,0.817877254303,1.24739533576,8.83533227113
1.94,293.15,3.18928146809,0.817877254303,1.32890574265,8.92375342014
1.95,293.15,3.18928146809,0.817877254303,1.41250478557,9.01214217834
1.96,293.15,3.18928146809,0.817877254303,1.49803045729,9.1004991949
1.97,293.15,3.18928146809,0.817877254303,1.58531507604,9.18882591391
1.98,293.15,3.18928146809,0.817877254303,1.67419490835,9.27712943741
1.99,293.15,3.18928146809,0.817877254303,1.76448040398,9.36541098559
2.0,293.15,3.18928146809,0.817877254303,1.85599841286,9.45368020815
2.01,293.15,3.18928146809,0.817877254303,1.94856702586,9.54194718096
2.02,293.15,3.18928146809,0.817877254303,2.04200089111,9.63022252892
2.03,293.15,3.18928146809,0.817877254303,2.13611326845,9.71851921525
2.04,293.15,3.18928146809,0.817877254303,2.2307140918,9.80685141286
2.05,293.15,3.18928146809,0.817877254303,2.32561324205,9.89523486091
2.0599999999999996,293.15,3.18928146809,0.817877254303,2.42061816386,9.9836863476
2.07,293.15,3.18928146809,0.817877254303,2.51553647013,10.0722242929
2.0799999999999996,293.15,3.18928146809,0.817877254303,2.61017509247,10.160867687
2.09,293.15,3.18928146809,0.817877254303,2.70434137926,10.2496373095
2.0999999999999996,293.15,3.18928146809,0.817877254303,2.79784157843,10.338553709
2.11,293.15,3.18928146809,0.817877254303,2.89048453866,10.4276394126
2.1199999999999997,293.15,3.18928146809,0.817877254303,2.98207967539,10.5169170221
2.13,293.15,3.18928146809,0.817877254303,3.07243701952,10.6064096532
2.1399999999999997,293.15,3.18928146809,0.817877254303,3.16136825877,10.6961410175
2.15,293.15,3.18928146809,0.817877254303,3.24869016556,10.7861360779
2.1599999999999997,293.15,3.18928146809,0.817877254303,3.33421855932,10.8764186271
2.17,293.15,3.18928146809,0.817877254303,3.41777429039,10.9670134498
2.1799999999999997,293.15,3.18928146809,0.817877254303,3.49918054275,11.0579454883
2.19,293.15,3.18928146809,0.817877254303,3.57826484456,11.1492393087
2.1999999999999997,293.15,3.18928146809,0.817877254303,3.65485847234,11.2409198534
2.21,293.15,3.18928146809,0.817877254303,3.72879835299,11.333011393
2.2199999999999998,293.15,3.18928146809,0.817877254303,3.79992401124,11.425537597
2.23,293.15,3.18928146809,0.817877254303,3.8680833681,11.5185228742
2.2399999999999998,293.15,3.18928146809,0.817877254303,3.93312780377,11.611990083
2.25,293.15,3.18928146809,0.817877254303,3.99491518417,11.7059614946
2.26,293.15,3.18928146809,0.817877254303,4.05331182397,11.8004599541
2.27,293.15,3.18928146809,0.817877254303,4.10818844133,11.8955060188
2.28,293.15,3.18928146809,0.817877254303,4.15942525189,11.9911198073
2.29,293.15,3.18928146809,0.817877254303,4.20690951858,12.0873210506
2.3,293.15,3.18928146809,0.817877254303,4.25053681492,12.1841285131
2.31,293.15,3.18928146809,0.817877254303,4.29021208109,12.2815594607
2.32,293.15,3.18928146809,0.817877254303,4.32584824674,12.3796295878
2.3299999999999996,293.15,3.18928146809,0.817877254303,4.35736861708,12.4783545841
2.34,293.15,3.18928146809,0.817877254303,4.3847069271,12.5777480497
2.3499999999999996,293.15,3.18928146809,0.817877254303,4.40780614735,12.6778226143
2.36,293.15,3.18928146809,0.817877254303,4.42661914702,12.7785895124
2.3699999999999997,293.15,3.18928146809,0.817877254303,4.44111395902,12.880059252
2.38,293.15,3.18928146809,0.817877254303,4.45126335005,12.9822390066
2.3899999999999997,293.15,3.18928146809,0.817877254303,4.45705701677,13.0851369073
2.4,293.15,3.18928146809,0.817877254303,4.45849360314,13.1887580968
2.4099999999999997,293.15,3.18928146809,0.817877254303,4.45558516809,13.293106907
2.42,293.15,3.18928146809,0.817877254303,4.44835565358,13.3981858907
2.4299999999999997,293.15,3.18928146809,0.817877254303,4.4368406955,13.5039962477
2.44,293.15,3.18928146809,0.817877254303,4.42108861025,13.6105380471
2.4499999999999997,293.15,3.18928146809,0.817877254303,4.40116023382,13.7178092663
2.46,293.15,3.18928146809,0.817877254303,4.37712945175,13.8258069132
2.4699999999999998,293.15,3.18928146809,0.817877254303,4.34908115347,13.9345268409
2.48,293.15,3.18928146809,0.817877254303,4.31711305514,14.0439621117
2.4899999999999998,293.15,3.18928146809,0.817877254303,4.28133655123,14.1541067618
2.5,293.15,3.18928146809,0.817877254303,4.24187304365,14.264951304
2.51,293.15,3.18928146809,0.817877254303,4.19885587346,14.3764866833
2.52,293.15,3.18928146809,0.817877254303,4.15243179708,14.4887019683
2.53,293.15,3.18928146809,0.817877254303,4.1027555363,14.601584781
2.54,293.15,3.18928146809,0.817877254303,4.05002550176,14.7150765325
2.55,293.15,3.18928146809,0.817877254303,3.99436244152,14.8292516113
2.56,293.15,3.18928146809,0.817877254303,3.93598222569,14.9440528642
2.57,293.15,3.18928146809,0.817877254303,3.8750801876,15.0594646754
2.5799999999999996,293.15,3.18928146809,0.817877254303,3.81186293485,15.1754699579
2.59,293.15,3.18928146809,0.817877254303,3.74654320365,15.2920524505
2.5999999999999996,293.15,3.18928146809,0.817877254303,3.67934555434,15.409194915
2.61,293.15,3.18928146809,0.817877254303,3.61049497265,15.5268786288
2.6199999999999997,293.15,3.18928146809,0.817877254303,3.54022829034,15.6450859803
2.63,293.15,3.18928146809,0.817877254303,3.4687856266,15.7637985643
2.6399999999999997,293.15,3.18928146809,0.817877254303,3.39641312678,15.8829977364
2.65,293.15,3.18928146809,0.817877254303,3.32335833237,16.0026645169
2.6599999999999997,293.15,3.18928146809,0.817877254303,3.24987639132,16.1227812908
2.67,293.15,3.18928146809,0.817877254303,3.17621992596,16.2433279366
2.6799999999999997,293.15,3.18928146809,0.817877254303,3.10264973482,16.3642879193
2.69,293.15,3.18928146809,0.817877254303,3.02942078705,16.4856423373
2.6999999999999997,293.15,3.18928146809,0.817877254303,2.95679408707,16.6073741765
2.71,293.15,3.18928146809,0.817877254303,2.88502656389,16.729466163
2.7199999999999998,293.15,3.18928146809,0.817877254303,2.81437465961,16.8519016325
2.73,293.15,3.18928146809,0.817877254303,2.74509504925,16.9746656136
2.7399999999999998,293.15,3.18928146809,0.817877254303,2.67743895088,17.0977421832
2.75,293.15,3.18928146809,0.817877254303,2.61165466187,17.2211170795
2.76,293.15,3.18928146809,0.817877254303,2.54798830204,17.3447772035
2.77,293.15,3.18928146809,0.817877254303,2.48667914106,17.4687094535
2.78,293.15,3.18928146809,0.817877254303,2.42796172384,17.5929018848
2.79,293.15,3.18928146809,0.817877254303,2.37206481689,17.7173446231
2.8,293.15,3.18928146809,0.817877254303,2.31921015992,17.8420272737
2.81,293.15,3.18928146809,0.817877254303,2.26961202026,17.9669410774
2.82,293.15,3.18928146809,0.817877254303,2.22347769749,18.0920781719
2.8299999999999996,293.15,3.18928146809,0.817877254303,2.18100606953,18.2174325908
2.84,293.15,3.18928146809,0.817877254303,2.1423869964,18.3429982943
2.8499999999999996,293.15,3.18928146809,0.817877254303,2.10780092255,18.4687706993
2.86,293.15,3.18928146809,0.817877254303,2.07741979464,18.5947474002
2.8699999999999997,293.15,3.18928146809,0.817877254303,2.05140362823,18.7209253494
2.88,293.15,3.18928146809,0.817877254303,2.02990459922,18.8473033849
2.8899999999999997,293.15,3.18928146809,0.817877254303,2.01306240596,18.9738824219
2.9,293.15,3.18928146809,0.817877254303,2.0010054324,19.100662533
2.9099999999999997,293.15,3.18928146809,0.817877254303,1.99385315303,19.2276460111
2.92,293.15,3.18928146809,0.817877254303,1.99171124996,19.3548363757
2.9299999999999997,293.15,3.18928146809,0.817877254303,1.99467491273,19.4822369473
2.94,293.15,3.18928146809,0.817877254303,2.00282724104,19.6098536781
2.9499999999999997,293.15,3.18928146809,0.817877254303,2.01623932447,19.7376916704
2.96,293.15,3.18928146809,0.817877254303,2.03496966785,19.8657588959
2.9699999999999998,293.15,3.18928146809,0.817877254303,2.05906537507,19.9940620652
2.98,293.15,3.18928146809,0.817877254303,2.08856156074,20.1226098621
2.9899999999999998,293.15,3.18928146809,0.817877254303,2.1234783713,20.2514122416
3.0,293.15,3.18928146809,0.817877254303,2.16382731191,20.3804784735
3.01,293.15,3.18928146809,0.817877254303,2.2096048286,20.5098193704
3.02,293.15,3.18928146809,0.817877254303,2.26079633055,20.639446145
3.03,293.15,3.18928146809,0.817877254303,2.31737351701,20.7693706893
3.04,293.15,3.18928146809,0.817877254303,2.37929668885,20.899605292
3.05,293.15,3.18928146809,0.817877254303,2.44651483041,21.0301625152
3.06,293.15,3.18928146809,0.817877254303,2.51896293898,21.1610553086
3.07,293.15,3.18928146809,0.817877254303,2.59656559786,21.2922972908
3.08,293.15,3.18928146809,0.817877254303,2.67923427011,21.423901933
3.09,293.15,3.18928146809,0.817877254303,2.76687008915,21.5558831738
3.0999999999999996,293.15,3.18928146809,0.817877254303,2.85936188892,21.6882548581
3.11,293.15,3.18928146809,0.817877254303,2.95658772835,21.8210312625
3.1199999999999997,293.15,3.18928146809,0.817877254303,3.0584134933,21.9542265282
3.13,293.15,3.18928146809,0.817877254303,3.1646966104,22.0878545491
3.1399999999999997,293.15,3.18928146809,0.817877254303,3.27528060584,22.2219290802
3.15,293.15,3.18928146809,0.817877254303,3.38946118612,22.3557710295
3.1599999999999997,293.15,3.18928146809,0.817877254303,3.50814671712,22.4907396592
3.17,293.15,3.18928146809,0.817877254303,3.63061396022,22.6261939607
3.1799999999999997,293.15,3.18928146809,0.817877254303,3.75667014786,22.7621469544
3.19,293.15,3.18928146809,0.817877254303,3.88611418376,22.8986110493
3.1999999999999997,293.15,3.18928146809,0.817877254303,4.01873517675,23.0355992305
3.21,293.15,3.18928146809,0.817877254303,4.15431566854,23.1731231153
3.2199999999999998,293.15,3.18928146809,0.817877254303,4.29263018767,23.3111942195
3.23,293.15,3.18928146809,0.817877254303,4.43344664763,23.4498233088
3.2399999999999998,293.15,3.18928146809,0.817877254303,4.57652541983,23.5890206536
3.25,293.15,3.18928146809,0.817877254303,4.72162200931,23.7287956277
3.26,293.15,3.18928146809,0.817877254303,4.86848673588,23.8691576692
3.27,293.15,3.18928146809,0.817877254303,5.01686389742,24.0101157539
3.28,293.15,3.18928146809,0.817877254303,5.16649395094,24.1516768929
3.29,293.15,3.18928146809,0.817877254303,5.31711364513,24.2938486857
3.3,293.15,3.18928146809,0.817877254303,5.46845658866,24.4366371218
3.31,293.15,3.18928146809,0.817877254303,5.62025439843,24.5800478577
3.32,293.15,3.18928146809,0.817877254303,5.77223622952,24.7240860247
3.33,293.15,3.18928146809,0.817877254303,5.92412935269,24.8687554081
3.34,293.15,3.18928146809,0.817877254303,6.07566349208,25.0140598087
3.3499999999999996,293.15,3.18928146809,0.817877254303,6.2265640407,25.1600011598
3.36,293.15,3.18928146809,0.817877254303,6.37656109287,25.3065820629
3.3699999999999997,293.15,3.18928146809,0.817877254303,6.52538413949,25.4538023901
3.38,293.15,3.18928146809,0.817877254303,6.67276416916,25.6016635256
3.3899999999999997,293.15,3.18928146809,0.817877254303,6.81843954095,25.7501643681
3.4,293.15,3.18928146809,0.817877254303,6.96214586879,25.8993039146
3.4099999999999997,293.15,3.18928146809,0.817877254303,7.10362632833,26.0490797992
3.42,293.15,3.18928146809,0.817877254303,7.2426303541,26.1994898601
3.4299999999999997,293.15,3.18928146809,0.817877254303,7.37890976788,26.3505305519
3.44,293.15,3.18928146809,0.817877254303,7.51222451291,26.5021979608
3.4499999999999997,293.15,3.18928146809,0.817877254303,7.6423417027,26.6544869864
3.46,293.15,3.18928146809,0.817877254303,7.76903362393,26.8073933557
3.4699999999999998,293.15,3.18928146809,0.817877254303,7.89208363065,26.9609099653
3.48,293.15,3.18928146809,0.817877254303,8.01128293767,27.1150319152
3.4899999999999998,293.15,3.18928146809,0.817877254303,8.12643114202,27.269751243
3.5,293.15,3.18928146809,0.817877254303,8.23733751428,27.4250610251
3.51,293.15,3.18928146809,0.817877254303,8.34382302903,27.5809538593
3.52,293.15,3.18928146809,0.817877254303,8.44571885656,27.7374210508
3.53,293.15,3.18928146809,0.817877254303,8.54286705241,27.8944549009
3.54,293.15,3.18928146809,0.817877254303,8.6351221028,28.052046167
3.55,293.15,3.18928146809,0.817877254303,8.72235027305,28.2101857578
3.56,293.15,3.18928146809,0.817877254303,8.80443153321,28.368865683
3.57,293.15,3.18928146809,0.817877254303,8.88125491304,28.5280751219
3.58,293.15,3.18928146809,0.817877254303,8.95272919168,28.6878063371
3.59,293.15,3.18928146809,0.817877254303,9.01876982873,28.8480483933
3.5999999999999996,293.15,3.18928146809,0.817877254303,9.07931027909,29.0087923918
3.61,293.15,3.18928146809,0.817877254303,9.13429644545,29.1700293989
3.6199999999999997,293.15,3.18928146809,0.817877254303,9.18368651205,29.3317493308
3.63,293.15,3.18928146809,0.817877254303,9.22745617132,29.4939435919
3.6399999999999997,293.15,3.18928146809,0.817877254303,9.26559295917,29.6566027699
3.65,293.15,3.18928146809,0.817877254303,9.29810022699,29.8197186031
3.6599999999999997,293.15,3.18928146809,0.817877254303,9.32499403633,29.9832821052
3.67,293.15,3.18928146809,0.817877254303,9.34630223173,30.147284775
3.6799999999999997,293.15,3.18928146809,0.817877254303,9.36207251789,30.3117188584
3.69,293.15,3.18928146809,0.817877254303,9.37236303459,30.4765767622
3.6999999999999997,293.15,3.18928146809,0.817877254303,9.37724488788,30.6418511327
3.71,293.15,3.18928146809,0.817877254303,9.37680608096,30.8075361365
3.7199999999999998,293.15,3.18928146809,0.817877254303,9.37114418475,30.9736239206
3.73,293.15,3.18928146809,0.817877254303,9.36037043287,31.1401102182
3.7399999999999998,293.15,3.18928146809,0.817877254303,9.34461274887,31.3069879516
3.75,293.15,3.18928146809,0.817877254303,9.32400547313,31.4742535789
3.76,293.15,3.18928146809,0.817877254303,9.29870041652,31.6419028229
3.77,293.15,3.18928146809,0.817877254303,9.26885844082,31.8099307979
3.78,293.15,3.18928146809,0.817877254303,9.22847912723,31.9743069432
3.79,293.15,3.18928146809,0.817877254303,9.18946300804,32.1428618065
3.8,293.15,3.18928146809,0.817877254303,9.14641178338,32.3117776224
3.81,293.15,3.18928146809,0.817877254303,9.09952405198,32.4810528134
3.82,293.15,3.18928146809,0.817877254303,9.04901139259,32.6506861365
3.83,293.15,3.18928146809,0.817877254303,8.99509216129,32.8206765177
3.84,293.15,3.18928146809,0.817877254303,8.93799504655,32.991023708
3.8499999999999996,293.15,3.18928146809,0.817877254303,8.87795286771,33.1617296071
3.86,293.15,3.18928146809,0.817877254303,8.81520914313,33.3327938679
3.8699999999999997,293.15,3.18928146809,0.817877254303,8.75001162691,33.5042185476
3.88,293.15,3.18928146809,0.817877254303,8.68261472766,33.676006135
3.8899999999999997,293.15,3.18928146809,0.817877254303,8.61327789221,33.8481591764
3.9,293.15,3.18928146809,0.817877254303,8.54226710586,34.0206810875
3.9099999999999997,293.15,3.18928146809,0.817877254303,8.46984956924,34.1935749428
3.92,293.15,3.18928146809,0.817877254303,8.39629828172,34.3668458809
3.9299999999999997,293.15,3.18928146809,0.817877254303,8.32188920161,34.5404978527
3.94,293.15,3.18928146809,0.817877254303,8.24689709411,34.7145362202
3.9499999999999997,293.15,3.18928146809,0.817877254303,8.17160354834,34.8889671493
3.96,293.15,3.18928146809,0.817877254303,8.09628640088,35.0637952485
3.9699999999999998,293.15,3.18928146809,0.817877254303,8.02122760226,35.2390279943
3.98,293.15,3.18928146809,0.817877254303,7.94670524718,35.414671572
3.9899999999999998,293.15,3.18928146809,0.817877254303,7.87300020579,35.5907328686
4.0,293.15,3.18928146809,0.817877254303,7.80038956839,35.7672186738
4.01,293.15,3.18928146809,0.817877254303,7.72914875861,35.9441373138
4.02,293.15,3.18928146809,0.817877254303,7.65955097691,36.1214957136
4.03,293.15,3.18928146809,0.817877254303,7.59186430131,36.299301781
4.04,293.15,3.18928146809,0.817877254303,7.52635578779,36.4775640072
4.05,293.15,3.18928146809,0.817877254303,7.4632854098,36.6562899068
4.06,293.15,3.18928146809,0.817877254303,7.40290990952,36.8354873943
4.07,293.15,3.18928146809,0.817877254303,7.34547920098,37.0151658327
4.08,293.15,3.18928146809,0.817877254303,7.29123716424,37.195332268
4.09,293.15,3.18928146809,0.817877254303,7.24042140978,37.3759954241
4.1,293.15,3.18928146809,0.817877254303,7.19326251963,37.5571635221
4.109999999999999,293.15,3.18928146809,0.817877254303,7.14998252602,37.7388450778
4.12,293.15,3.18928146809,0.817877254303,7.11079593939,37.9210478725
4.13,293.15,3.18928146809,0.817877254303,7.07590753336,38.1037791823
4.14,293.15,3.18928146809,0.817877254303,7.04551361216,38.2870473802
4.1499999999999995,293.15,3.18928146809,0.817877254303,7.01980269747,38.4708598514
4.16,293.15,3.18928146809,0.817877254303,6.99895002644,38.6552241954
4.17,293.15,3.18928146809,0.817877254303,6.98312180653,38.8401474153
4.18,293.15,3.18928146809,0.817877254303,6.97247454042,39.0256364212
4.1899999999999995,293.15,3.18928146809,0.817877254303,6.96715024864,39.2116974771
4.2,293.15,3.18928146809,0.817877254303,6.9672848836,39.3983376349
4.21,293.15,3.18928146809,0.817877254303,6.97299718134,39.5855623026
4.22,293.15,3.18928146809,0.817877254303,6.98439793948,39.7733779032
4.2299999999999995,293.15,3.18928146809,0.817877254303,7.00158207783,39.9617889482
4.24,293.15,3.18928146809,0.817877254303,7.02463630181,40.1508010613
4.25,293.15,3.18928146809,0.817877254303,7.05363009994,40.3404179048
4.26,293.15,3.18928146809,0.817877254303,7.10664835047,40.5289744319
4.27,293.15,3.18928146809,0.817877254303,7.14896018046,40.7196353106
4.28,293.15,3.18928146809,0.817877254303,7.19743604828,40.9108998096
4.29,293.15,3.18928146809,0.817877254303,7.25210125896,41.1027691905
4.3,293.15,3.18928146809,0.817877254303,7.31296593594,41.2952466888
4.31,293.15,3.18928146809,0.817877254303,7.38003012011,41.4883329009
4.32,293.15,3.18928146809,0.817877254303,7.45327609687,41.6820289404
4.33,293.15,3.18928146809,0.817877254303,7.53267719252,41.8763355537
4.34,293.15,3.18928146809,0.817877254303,7.61818971522,42.0712527668
4.35,293.15,3.18928146809,0.817877254303,7.70976282833,42.2667789737
4.36,293.15,3.18928146809,0.817877254303,7.80732777335,42.4629157262
4.37,293.15,3.18928146809,0.817877254303,7.91080368207,42.6596597257
4.38,293.15,3.18928146809,0.817877254303,8.02009912846,42.8570099579
4.39,293.15,3.18928146809,0.817877254303,8.13511183302,43.0549653433
4.3999999999999995,293.15,3.18928146809,0.817877254303,8.25572139807,43.2535222399
4.41,293.15,3.18928146809,0.817877254303,8.38180150798,43.4526781283
4.42,293.15,3.18928146809,0.817877254303,8.51321229923,43.6524298373
4.43,293.15,3.18928146809,0.817877254303,8.64980284916,43.8527735322
4.4399999999999995,293.15,3.18928146809,0.817877254303,8.79141257024,44.0537069907
4.45,293.15,3.18928146809,0.817877254303,8.93786602002,44.2552244139
4.46,293.15,3.18928146809,0.817877254303,9.08898404406,44.4573213118
4.47,293.15,3.18928146809,0.817877254303,9.24457642476,44.6599943173
4.4799999999999995,293.15,3.18928146809,0.817877254303,9.40443932087,44.8632373402
4.49,293.15,3.18928146809,0.817877254303,9.56836433908,45.0670455248
4.5,293.15,3.18928146809,0.817877254303,9.73613343647,45.271413764
4.51,293.15,3.18928146809,0.817877254303,9.90752389768,45.4763352396
4.52,293.15,3.18928146809,0.817877254303,10.0823038893,45.681805637
4.53,293.15,3.18928146809,0.817877254303,10.2602313815,45.8878187477
4.54,293.15,3.18928146809,0.817877254303,10.4410659952,46.0943680564
4.55,293.15,3.18928146809,0.817877254303,10.6245553265,46.3014482593
4.56,293.15,3.18928146809,0.817877254303,10.8104462183,46.5090521227
4.57,293.15,3.18928146809,0.817877254303,11.0236307509,46.7314516664
4.58,293.15,3.18928146809,0.817877254303,11.2157595315,46.9408231451
4.59,293.15,3.18928146809,0.817877254303,11.409608706,47.1507297082
4.6,293.15,3.18928146809,0.817877254303,11.6049175058,47.3611660203
4.61,293.15,3.18928146809,0.817877254303,11.801412432,47.5721250893
4.62,293.15,3.18928146809,0.817877254303,11.9988269588,47.7836027124
4.63,293.15,3.18928146809,0.817877254303,12.1968934672,47.9955936775
4.64,293.15,3.18928146809,0.817877254303,12.3953428255,48.2080926538
4.6499999999999995,293.15,3.18928146809,0.817877254303,12.5939049072,48.4210938776
4.66,293.15,3.18928146809,0.817877254303,12.7923139387,48.634592809
4.67,293.15,3.18928146809,0.817877254303,12.9903058865,48.8485849939
4.68,293.15,3.18928146809,0.817877254303,13.1876157256,49.0630645289
4.6899999999999995,293.15,3.18928146809,0.817877254303,13.3759092767,49.2815793304
4.7,293.15,3.18928146809,0.817877254303,13.5699579106,49.4972735146
4.71,293.15,3.18928146809,0.817877254303,13.762458797,49.7134601539
4.72,293.15,3.18928146809,0.817877254303,13.9531566431,49.9301359964
4.7299999999999995,293.15,3.18928146809,0.817877254303,14.1418078487,50.1472991611
4.74,293.15,3.18928146809,0.817877254303,14.32816714,50.3649459738
4.75,293.15,3.18928146809,0.817877254303,14.5119972018,50.5830754618
4.76,293.15,3.18928146809,0.817877254303,14.6930683438,50.8016851451
4.77,293.15,3.18928146809,0.817877254303,14.8711615261,51.0207749084
4.78,293.15,3.18928146809,0.817877254303,15.0460557188,51.2403419099
4.79,293.15,3.18928146809,0.817877254303,15.2175462051,51.4603865101
4.8,293.15,3.18928146809,0.817877254303,15.3854371892,51.6809073731
4.81,293.15,3.18928146809,0.817877254303,15.5495360505,51.9019040757
4.82,293.15,3.18928146809,0.817877254303,15.7096599914,52.1233776347
4.83,293.15,3.18928146809,0.817877254303,15.8656360954,52.3453277368
4.84,293.15,3.18928146809,0.817877254303,16.0173065839,52.5677555246
4.85,293.15,3.18928146809,0.817877254303,16.1645181835,52.7906617712
4.86,293.15,3.18928146809,0.817877254303,16.3071297317,53.0140472196
4.87,293.15,3.18928146809,0.817877254303,16.4450097942,53.2379131923
4.88,293.15,3.18928146809,0.817877254303,16.578036533,53.4622618655
4.89,293.15,3.18928146809,0.817877254303,16.7061039248,53.6870947228
4.8999999999999995,293.15,3.18928146809,0.817877254303,16.8291099257,53.9124152773
4.91,293.15,3.18928146809,0.817877254303,16.946973147,54.1382248913
4.92,293.15,3.18928146809,0.817877254303,17.0596138753,54.3645258427
4.93,293.15,3.18928146809,0.817877254303,17.1669668118,54.5913215614
4.9399999999999995,293.15,3.18928146809,0.817877254303,17.2689842988,54.8186153497
4.95,293.15,3.18928146809,0.817877254303,17.3656226191,55.0464096297
4.96,293.15,3.18928146809,0.817877254303,17.4568520001,55.2747083892
4.97,293.15,3.18928146809,0.817877254303,17.5426563734,55.5035152599
4.9799999999999995,293.15,3.18928146809,0.817877254303,17.6230280853,55.7328334138
4.99,293.15,3.18928146809,0.817877254303,17.6979740636,55.9626662557
5.0,293.15,3.18928146809,0.817877254303,17.7675094708,56.193017276
5.01,293.15,3.18928146809,0.817877254303,17.8316655742,56.4238918094
5.02,293.15,3.18928146809,0.817877254303,17.8904758293,56.6552916489
5.03,293.15,3.18928146809,0.817877254303,17.943993896,56.8872228701
5.04,293.15,3.18928146809,0.817877254303,17.9922807157,57.1196884606
5.05,293.15,3.18928146809,0.817877254303,18.035404759,57.3526909264
5.06,293.15,3.18928146809,0.817877254303,18.0734540282,57.5862357381
5.07,293.15,3.18928146809,0.817877254303,18.1065161697,57.8203261612
5.08,293.15,3.18928146809,0.817877254303,18.1628685312,58.0631766761
5.09,293.15,3.18928146809,0.817877254303,18.1876204031,58.2986827274
5.1,293.15,3.18928146809,0.817877254303,18.2078015921,58.5347569775
5.11,293.15,3.18928146809,0.817877254303,18.2235467389,58.771404482
5.12,293.15,3.18928146809,0.817877254303,18.2349999656,59.0086293915
5.13,293.15,3.18928146809,0.817877254303,18.2423165281,59.24643376
5.14,293.15,3.18928146809,0.817877254303,18.2456550445,59.4848221708
5.1499999999999995,293.15,3.18928146809,0.817877254303,18.2451867436,59.7237979607
5.16,293.15,3.18928146809,0.817877254303,18.2410903319,59.9633636794
5.17,293.15,3.18928146809,0.817877254303,18.2335437667,60.2035226965
5.18,293.15,3.18928146809,0.817877254303,18.2227429371,60.4442775542
5.1899999999999995,293.15,3.18928146809,0.817877254303,18.2088838552,60.6856324069
5.2,293.15,3.18928146809,0.817877254303,18.1921695273,60.9275865714
5.21,293.15,3.18928146809,0.817877254303,18.1728106857,61.1701439612
5.22,293.15,3.18928146809,0.817877254303,18.1510166145,61.4133065868
5.2299999999999995,293.15,3.18928146809,0.817877254303,18.1270071528,61.657075335
5.24,293.15,3.18928146809,0.817877254303,18.1010042082,61.9014514527
5.25,293.15,3.18928146809,0.817877254303,18.073236416,62.1464354107
5.26,293.15,3.18928146809,0.817877254303,18.0439275302,62.3920288839
5.27,293.15,3.18928146809,0.817877254303,18.0133141703,62.6382308663
5.28,293.15,3.18928146809,0.817877254303,17.9816277565,62.8850427558
5.29,293.15,3.18928146809,0.817877254303,17.9491019154,63.1324643024
5.3,293.15,3.18928146809,0.817877254303,17.9159748964,63.380493456
5.31,293.15,3.18928146809,0.817877254303,17.8824842037,63.6291305574
5.32,293.15,3.18928146809,0.817877254303,17.8488660109,63.8783734062
5.33,293.15,3.18928146809,0.817877254303,17.8153558141,64.1282213676
5.34,293.15,3.18928146809,0.817877254303,17.7821930853,64.3786719473
5.35,293.15,3.18928146809,0.817877254303,17.749610919,64.629723157
5.36,293.15,3.18928146809,0.817877254303,17.7178446431,64.8813717268
5.37,293.15,3.18928146809,0.817877254303,17.6871202793,65.1336160236
5.38,293.15,3.18928146809,0.817877254303,17.6576674429,65.3864520523
5.39,293.15,3.18928146809,0.817877254303,17.6297138832,65.6398768755
5.3999999999999995,293.15,3.18928146809,0.817877254303,17.6034777328,65.8938855402
5.41,293.15,3.18928146809,0.817877254303,17.5791777109,66.1484743427
5.42,293.15,3.18928146809,0.817877254303,17.5570253608,66.4036382822
5.43,293.15,3.18928146809,0.817877254303,17.5372299635,66.659374392
5.4399999999999995,293.15,3.18928146809,0.817877254303,17.5199902237,66.9156758371
5.45,293.15,3.18928146809,0.817877254303,17.5055104377,67.1725379602
5.46,293.15,3.18928146809,0.817877254303,17.4939751728,67.4299547793
5.47,293.15,3.18928146809,0.817877254303,17.4855650238,67.6879191044
5.4799999999999995,293.15,3.18928146809,0.817877254303,17.4804650255,67.9464266888
5.49,293.15,3.18928146809,0.817877254303,17.4788416759,68.2054697786
5.5,293.15,3.18928146809,0.817877254303,17.4808593051,68.4650415528
5.51,293.15,3.18928146809,0.817877254303,17.4866713298,68.7251349045
5.52,293.15,3.18928146809,0.817877254303,17.4964247306,68.9857431735
5.53,293.15,3.18928146809,0.817877254303,17.5102626928,69.2468566302
5.54,293.15,3.18928146809,0.817877254303,17.5283101027,69.5084696564
5.55,293.15,3.18928146809,0.817877254303,17.5506947105,69.7705722682
5.56,293.15,3.18928146809,0.817877254303,17.5775219811,70.0331572227
5.57,293.15,3.18928146809,0.817877254303,17.6089030824,70.2962142074
5.58,293.15,3.18928146809,0.817877254303,17.6449302088,70.5597360993
5.59,293.15,3.18928146809,0.817877254303,17.6856889134,70.8237117648
5.6,293.15,3.18928146809,0.817877254303,17.7312561278,71.088132783
5.61,293.15,3.18928146809,0.817877254303,17.7817018067,71.3529896731
5.62,293.15,3.18928146809,0.817877254303,17.8370790938,71.6182705249
5.63,293.15,3.18928146809,0.817877254303,17.8974416321,71.8839664769
5.64,293.15,3.18928146809,0.817877254303,17.9628247438,72.150066782
5.6499999999999995,293.15,3.18928146809,0.817877254303,18.0332619117,72.4165601199
5.66,293.15,3.18928146809,0.817877254303,18.1087714023,72.6834354607
5.67,293.15,3.18928146809,0.817877254303,18.1893680048,72.9506819724
5.68,293.15,3.18928146809,0.817877254303,18.2750487293,73.2182868817
5.6899999999999995,293.15,3.18928146809,0.817877254303,18.3658125183,73.4862378989
5.7,293.15,3.18928146809,0.817877254303,18.4616444581,73.7545232887
5.71,293.15,3.18928146809,0.817877254303,18.7061102075,74.1985360883
5.72,293.15,3.18928146809,0.817877254303,18.8276700261,74.4751112789
5.7299999999999995,293.15,3.18928146809,0.817877254303,18.9549385489,74.7523013917
5.74,293.15,3.18928146809,0.817877254303,19.0878723653,75.0301044278
5.75,293.15,3.18928146809,0.817877254303,19.2264259772,75.3085225307
5.76,293.15,3.18928146809,0.817877254303,19.3705381917,75.5875546904
5.77,293.15,3.18928146809,0.817877254303,19.5201472648,75.8672005103
5.78,293.15,3.18928146809,0.817877254303,19.6751718097,76.147462055
5.79,293.15,3.18928146809,0.817877254303,19.8355344027,76.4283399241
5.8,293.15,3.18928146809,0.817877254303,20.0011414693,76.7098336656
5.81,293.15,3.18928146809,0.817877254303,20.1718927717,76.9919453244
5.82,293.15,3.18928146809,0.817877254303,20.3040441085,77.2778539508
5.83,293.15,3.18928146809,0.817877254303,20.4811315685,77.5613746499
5.84,293.15,3.18928146809,0.817877254303,20.6627655159,77.8455247155
5.85,293.15,3.18928146809,0.817877254303,20.8487992245,78.1303078092
5.86,293.15,3.18928146809,0.817877254303,21.0390839911,78.4157244604
5.87,293.15,3.18928146809,0.817877254303,21.2334622105,78.7017773641
5.88,293.15,3.18928146809,0.817877254303,21.4317740431,78.9884709093
5.89,293.15,3.18928146809,0.817877254303,21.6338470543,79.2758076394
5.8999999999999995,293.15,3.18928146809,0.817877254303,21.8395096411,79.5637900035
5.91,293.15,3.18928146809,0.817877254303,22.0485799029,79.8524222142
5.92,293.15,3.18928146809,0.817877254303,22.2608741638,80.1417070851
5.93,293.15,3.18928146809,0.817877254303,22.4762039748,80.4316497801
5.9399999999999995,293.15,3.18928146809,0.817877254303,22.694372899,80.7222517684
5.95,293.15,3.18928146809,0.817877254303,22.9151862729,81.0135191385
5.96,293.15,3.18928146809,0.817877254303,23.138439682,81.3054560404
5.97,293.15,3.18928146809,0.817877254303,23.363933803,81.598067654
5.9799999999999995,293.15,3.18928146809,0.817877254303,23.5914556838,81.8913557451
5.99,293.15,3.18928146809,0.817877254303,23.820799677,82.1853273069
6.0,293.15,3.18928146809,0.817877254303,24.0517505403,82.4799859904
6.01,293.15,3.18928146809,0.817877254303,24.2840972539,82.7753372005
6.02,293.15,3.18928146809,0.817877254303,24.5176253278,83.0713848922
6.03,293.15,3.18928146809,0.817877254303,24.7521161946,83.3681354453
6.04,293.15,3.18928146809,0.817877254303,24.9873552503,83.6655938201
6.05,293.15,3.18928146809,0.817877254303,25.2231245125,83.9637638845
6.06,293.15,3.18928146809,0.817877254303,25.4592090739,84.2626524112
6.07,293.15,3.18928146809,0.817877254303,25.6953905814,84.5622636365
6.08,293.15,3.18928146809,0.817877254303,25.9314530111,84.8626032299
6.09,293.15,3.18928146809,0.817877254303,26.1671809499,85.163676582
6.1,293.15,3.18928146809,0.817877254303,26.4023631064,85.465488535
6.11,293.15,3.18928146809,0.817877254303,26.6367849735,85.7680449377
6.12,293.15,3.18928146809,0.817877254303,26.8702373985,86.0713506085
6.13,293.15,3.18928146809,0.817877254303,27.1025146325,86.3754113096
6.14,293.15,3.18928146809,0.817877254303,27.3334079025,86.6802316455
6.15,293.15,3.18928146809,0.817877254303,27.5627177132,86.9858169089
6.16,293.15,3.18928146809,0.817877254303,27.7902430368,87.2921736507
6.17,293.15,3.18928146809,0.817877254303,28.0157882464,87.5993050035
6.18,293.15,3.18928146809,0.817877254303,28.2843402606,87.898957391
6.1899999999999995,293.15,3.18928146809,0.817877254303,28.508689569,88.2075225353
6.2,293.15,3.18928146809,0.817877254303,28.7307478036,88.51688937
6.21,293.15,3.18928146809,0.817877254303,28.9503509197,88.8270656493
6.22,293.15,3.18928146809,0.817877254303,29.1673450167,89.1380572832
6.2299999999999995,293.15,3.18928146809,0.817877254303,29.3815733705,89.4498700421
6.24,293.15,3.18928146809,0.817877254303,29.5928939371,89.7625121842
6.25,293.15,3.18928146809,0.817877254303,29.8011612671,90.0759895232
6.26,293.15,3.18928146809,0.817877254303,30.0062491929,90.3903075381
6.27,293.15,3.18928146809,0.817877254303,30.208024551,90.7054753057
6.28,293.15,3.18928146809,0.817877254303,30.4063698273,91.0214984498
6.29,293.15,3.18928146809,0.817877254303,30.601172516,91.3383834854
6.3,293.15,3.18928146809,0.817877254303,30.7923205178,91.656137624
6.31,293.15,3.18928146809,0.817877254303,30.9797160806,91.9747684668
6.32,293.15,3.18928146809,0.817877254303,31.1632680809,92.2942833935
6.33,293.15,3.18928146809,0.817877254303,31.3428896179,92.614688409
6.34,293.15,3.18928146809,0.817877254303,34.7603095303,91.5483206019
6.35,293.15,3.18928146809,0.817877254303,31.6900319291,93.2582017581
6.36,293.15,3.18928146809,0.817877254303,31.8574142771,93.5813248881
6.37,293.15,3.18928146809,0.817877254303,32.020600315,93.905369132
6.38,293.15,3.18928146809,0.817877254303,32.1795319121,94.2303426619
6.39,293.15,3.18928146809,0.817877254303,32.3341762672,94.5562548417
6.4,293.15,3.18928146809,0.817877254303,32.4844908024,94.8831129663
6.41,293.15,3.18928146809,0.817877254303,32.6304547997,95.210926102
6.42,293.15,3.18928146809,0.817877254303,32.7720461332,95.5397028471
6.43,293.15,3.18928146809,0.817877254303,32.9092553531,95.8694521662
6.4399999999999995,293.15,3.18928146809,0.817877254303,33.0420745004,96.2001845488
6.45,293.15,3.18928146809,0.817877254303,33.1705065446,96.531910903
6.46,293.15,3.18928146809,0.817877254303,33.2925165187,96.7901779738
6.47,293.15,3.18928146809,0.817877254303,33.4158134652,97.1196199059
6.4799999999999995,293.15,3.18928146809,0.817877254303,33.5351353627,97.4498601489
6.49,293.15,3.18928146809,0.817877254303,33.6505328505,97.7808995794
6.5,293.15,3.18928146809,0.817877254303,33.7620708348,98.1127389637
6.51,293.15,3.18928146809,0.817877254303,33.8698125303,98.4453796385
6.52,293.15,3.18928146809,0.817877254303,33.9738353644,98.7788224206
6.53,293.15,3.18928146809,0.817877254303,34.0742190244,99.1130681145
6.54,293.15,3.18928146809,0.817877254303,34.1710503998,99.4481190187
6.55,293.15,3.18928146809,0.817877254303,34.264429486,99.7839743352
6.56,293.15,3.18928146809,0.817877254303,34.354450995,100.120637979
6.57,293.15,3.18928146809,0.817877254303,34.4412324738,100.458109113
6.58,293.15,3.18928146809,0.817877254303,34.5248797236,100.796390254
6.59,293.15,3.18928146809,0.817877254303,34.6055132573,101.135484478
6.6,293.15,3.18928146809,0.817877254303,34.6832591776,101.475391756
6.61,293.15,3.18928146809,0.817877254303,34.7582515575,101.816114879
6.62,293.15,3.18928146809,0.817877254303,34.8306225832,102.157656702
6.63,293.15,3.18928146809,0.817877254303,34.9005157923,102.500019662
6.64,293.15,3.18928146809,0.817877254303,34.9680731986,102.843206523
6.65,293.15,3.18928146809,0.817877254303,35.0334466937,103.18722113
6.66,293.15,3.18928146809,0.817877254303,35.0967902588,103.532066211
6.67,293.15,3.18928146809,0.817877254303,35.1582613555,103.877745131
6.68,293.15,3.18928146809,0.817877254303,35.2180183937,104.224262432
6.6899999999999995,293.15,3.18928146809,0.817877254303,35.2762298475,104.571623732
6.7,293.15,3.18928146809,0.817877254303,35.3330650532,104.919831398
6.71,293.15,3.18928146809,0.817877254303,35.388687522,105.26889313
6.72,293.15,3.18928146809,0.817877254303,35.4432715674,105.618812522
6.7299999999999995,293.15,3.18928146809,0.817877254303,35.4970002252,105.969596125
6.74,293.15,3.18928146809,0.817877254303,35.5500369281,106.321250391
6.75,293.15,3.18928146809,0.817877254303,35.602571426,106.673783396
6.76,293.15,3.18928146809,0.817877254303,35.6547787651,107.027200687
6.77,293.15,3.18928146809,0.817877254303,35.706834831,107.381510457
6.78,293.15,3.18928146809,0.817877254303,35.7589296801,107.736722874
6.79,293.15,3.18928146809,0.817877254303,35.8112413995,108.092843971
6.8,293.15,3.18928146809,0.817877254303,35.8639526162,108.449886515
6.81,293.15,3.18928146809,0.817877254303,36.1406136228,108.77771474
6.82,293.15,3.18928146809,0.817877254303,36.2057909117,109.135191016
6.83,293.15,3.18928146809,0.817877254303,36.2724042395,109.493553655
6.84,293.15,3.18928146809,0.817877254303,36.340661012,109.85281186
6.85,293.15,3.18928146809,0.817877254303,36.4107615205,110.212976587
6.86,293.15,3.18928146809,0.817877254303,36.4829069901,110.574056539
6.87,293.15,3.18928146809,0.817877254303,36.5572996379,110.936062922
6.88,293.15,3.18928146809,0.817877254303,36.634141524,111.299008114
6.89,293.15,3.18928146809,0.817877254303,36.7136302972,111.662905175
6.9,293.15,3.18928146809,0.817877254303,36.7959640881,112.027763904
6.91,293.15,3.18928146809,0.817877254303,36.8813560863,112.393601173
6.92,293.15,3.18928146809,0.817877254303,36.9699897458,112.760429689
6.93,293.15,3.18928146809,0.817877254303,37.0620774831,113.128265681
6.9399999999999995,293.15,3.18928146809,0.817877254303,37.1578029413,113.497123784
6.95,293.15,3.18928146809,0.817877254303,37.2573732319,113.867021657
6.96,293.15,3.18928146809,0.817877254303,37.3609835707,114.237978877
6.97,293.15,3.18928146809,0.817877254303,37.4688161211,114.610011116
6.9799999999999995,293.15,3.18928146809,0.817877254303,37.5810784259,114.983139207
6.99,293.15,3.18928146809,0.817877254303,37.6979582465,115.357384925
7.0,293.15,3.18928146809,0.817877254303,37.8196436989,115.73276819
7.01,293.15,3.18928146809,0.817877254303,37.9463330404,116.109313739
7.02,293.15,3.18928146809,0.817877254303,38.0782108006,116.487044926
7.03,293.15,3.18928146809,0.817877254303,38.2154738348,116.865986689
7.04,293.15,3.18928146809,0.817877254303,38.3583028174,117.246165019
7.05,293.15,3.18928146809,0.817877254303,38.506894498,117.62760905
7.06,293.15,3.18928146809,0.817877254303,38.66143193,118.010346378
7.07,293.15,3.18928146809,0.817877254303,38.8221122933,118.394408552
7.08,293.15,3.18928146809,0.817877254303,38.9891119963,118.779827851
7.09,293.15,3.18928146809,0.817877254303,39.1626377196,119.166637732
7.1,293.15,3.18928146809,0.817877254303,39.3428690308,119.554873466
7.11,293.15,3.18928146809,0.817877254303,39.5300021654,119.944571971
7.12,293.15,3.18928146809,0.817877254303,39.7242306582,120.335773513
7.13,293.15,3.18928146809,0.817877254303,39.9257457702,120.728516079
7.14,293.15,3.18928146809,0.817877254303,40.1347440954,121.122845259
7.15,293.15,3.18928146809,0.817877254303,40.3514317675,121.518803167
7.16,293.15,3.18928146809,0.817877254303,40.5760010274,121.916438943
7.17,293.15,3.18928146809,0.817877254303,40.808665248,122.315802151
7.18,293.15,3.18928146809,0.817877254303,41.0496271558,122.716942211
7.1899999999999995,293.15,3.18928146809,0.817877254303,41.2990970325,123.11991469
7.2,293.15,3.18928146809,0.817877254303,41.5573018843,123.524775641
7.21,293.15,3.18928146809,0.817877254303,41.8244516409,123.931584877
7.22,293.15,3.18928146809,0.817877254303,42.1007757355,124.340404801
7.2299999999999995,293.15,3.18928146809,0.817877254303,42.3865082864,124.751301526
7.24,293.15,3.18928146809,0.817877254303,42.6818869651,125.16434047
7.25,293.15,3.18928146809,0.817877254303,42.9871506502,125.579594973
7.26,293.15,3.18928146809,0.817877254303,41.5574399178,125.597442127
7.27,293.15,3.18928146809,0.817877254303,41.7713872257,125.99175142
7.28,293.15,3.18928146809,0.817877254303,41.9893617282,126.386979106
7.29,293.15,3.18928146809,0.817877254303,42.2113122921,126.783130838
7.3,293.15,3.18928146809,0.817877254303,42.4394155285,127.179460603
7.31,293.15,3.18928146809,0.817877254303,42.6700803583,127.577141286
7.32,293.15,3.18928146809,0.817877254303,42.9045298146,127.975704337
7.33,293.15,3.18928146809,0.817877254303,43.1427352669,128.375159077
7.34,293.15,3.18928146809,0.817877254303,43.3846148847,128.775489523
7.35,293.15,3.18928146809,0.817877254303,43.6300644114,129.176707905
7.36,293.15,3.18928146809,0.817877254303,43.8789571394,129.578799929
7.37,293.15,3.18928146809,0.817877254303,44.1312370261,129.981771235
7.38,293.15,3.18928146809,0.817877254303,44.3866807286,130.385611181
7.39,293.15,3.18928146809,0.817877254303,44.645215435,130.790321943
7.4,293.15,3.18928146809,0.817877254303,44.9068607373,131.195891382
7.41,293.15,3.18928146809,0.817877254303,45.1712735621,131.602317991
7.42,293.15,3.18928146809,0.817877254303,45.4384404384,132.00959329
7.43,293.15,3.18928146809,0.817877254303,45.7080726398,132.417719149
7.4399999999999995,293.15,3.18928146809,0.817877254303,45.9803604653,132.826680639
7.45,293.15,3.18928146809,0.817877254303,46.2547585743,133.236480374
7.46,293.15,3.18928146809,0.817877254303,46.5315422146,133.647100348
7.47,293.15,3.18928146809,0.817877254303,46.8101637718,134.058538564
7.4799999999999995,293.15,3.18928146809,0.817877254303,47.0905988056,134.47078243
7.49,293.15,3.18928146809,0.817877254303,47.3729487133,134.883822912
7.5,293.15,3.18928146809,0.817877254303,47.6566316808,135.297662999
7.51,293.15,3.18928146809,0.817877254303,47.9418135824,135.712270788
7.52,293.15,3.18928146809,0.817877254303,48.228092405,136.127657013
7.53,293.15,3.18928146809,0.817877254303,48.5153328823,136.543788455
7.54,293.15,3.18928146809,0.817877254303,48.9927596584,137.021444274
7.55,293.15,3.18928146809,0.817877254303,49.2947806196,137.443040315
7.56,293.15,3.18928146809,0.817877254303,49.5975906836,137.865619779
7.57,293.15,3.18928146809,0.817877254303,49.9024616272,138.289178455
7.58,293.15,3.18928146809,0.817877254303,50.2086122702,138.713678417
7.59,293.15,3.18928146809,0.817877254303,50.5150077581,139.139156046
7.6,293.15,3.18928146809,0.817877254303,50.8227320913,139.565604643
7.61,293.15,3.18928146809,0.817877254303,51.1308651446,139.992990878
7.62,293.15,3.18928146809,0.817877254303,51.4394073258,140.421344617
7.63,293.15,3.18928146809,0.817877254303,51.7487974816,140.850642696
7.64,293.15,3.18928146809,0.817877254303,52.0577143241,141.280919793
7.65,293.15,3.18928146809,0.817877254303,52.3680158576,141.712121375
7.66,293.15,3.18928146809,0.817877254303,52.6778201436,142.144312208
7.67,293.15,3.18928146809,0.817877254303,52.987500505,142.57741076
7.68,293.15,3.18928146809,0.817877254303,53.2972506085,143.011455945
7.6899999999999995,293.15,3.18928146809,0.817877254303,53.6063287118,143.446460394
7.7,293.15,3.18928146809,0.817877254303,53.914536216,143.882429375
7.71,293.15,3.18928146809,0.817877254303,54.2235440965,144.319307489
7.72,293.15,3.18928146809,0.817877254303,54.5316118321,144.757146849
7.7299999999999995,293.15,3.18928146809,0.817877254303,54.8386421895,145.195857417
7.74,293.15,3.18928146809,0.817877254303,55.1457382987,145.635558409
7.75,293.15,3.18928146809,0.817877254303,55.4512744467,146.076119902
7.76,293.15,3.18928146809,0.817877254303,55.7551799113,146.517670162
7.77,293.15,3.18928146809,0.817877254303,56.0581367006,146.960093811
7.78,293.15,3.18928146809,0.817877254303,56.3605006125,147.403443507
7.79,293.15,3.18928146809,0.817877254303,56.6599909245,147.84777137
7.8,293.15,3.18928146809,0.817877254303,56.9593064941,148.292889363
7.81,293.15,3.18928146809,0.817877254303,57.2619362103,148.738816826
7.82,293.15,3.18928146809,0.817877254303,57.6488336229,149.206383974
7.83,293.15,3.18928146809,0.817877254303,57.9526339898,149.655481179
7.84,293.15,3.18928146809,0.817877254303,58.2509819313,150.10536314
7.85,293.15,3.18928146809,0.817877254303,58.5503294897,150.556160775
7.86,293.15,3.18928146809,0.817877254303,58.8476878145,151.008088678
7.87,293.15,3.18928146809,0.817877254303,59.1435307684,151.460642694
7.88,293.15,3.18928146809,0.817877254303,59.4379045394,151.914305787
7.89,293.15,3.18928146809,0.817877254303,59.7332240906,152.368733638
7.9,293.15,3.18928146809,0.817877254303,60.0242328471,152.824026734
7.91,293.15,3.18928146809,0.817877254303,60.3167656128,153.280132099
7.92,293.15,3.18928146809,0.817877254303,60.6057555077,153.737288724
7.93,293.15,3.18928146809,0.817877254303,60.8942379947,154.195241049
7.94,293.15,3.18928146809,0.817877254303,61.1864941736,154.653880004
7.95,293.15,3.18928146809,0.817877254303,61.4702543438,155.11341944
7.96,293.15,3.18928146809,0.817877254303,61.7584850745,155.573579109
7.97,293.15,3.18928146809,0.817877254303,62.0455005467,156.03453277
7.9799999999999995,293.15,3.18928146809,0.817877254303,62.3319998354,156.496330668
7.99,293.15,3.18928146809,0.817877254303,62.6155839372,156.958849825
8.0,293.15,3.18928146809,0.817877254303,62.8969419225,157.422115084
8.01,293.15,3.18928146809,0.817877254303,63.1816188308,157.885779964
8.02,293.15,3.18928146809,0.817877254303,63.4667456782,158.350039215
8.03,293.15,3.18928146809,0.817877254303,63.7520898016,158.81511865
8.04,293.15,3.18928146809,0.817877254303,64.0343886124,159.280790616
8.05,293.15,3.18928146809,0.817877254303,64.3222084083,159.746737709
8.06,293.15,3.18928146809,0.817877254303,64.6046519795,160.213159202
8.07,293.15,3.18928146809,0.817877254303,64.8919714715,160.679977552
8.08,293.15,3.18928146809,0.817877254303,65.1751438582,161.14714455
8.09,293.15,3.18928146809,0.817877254303,65.4618974391,161.614607206
8.1,293.15,3.18928146809,0.817877254303,65.7537910011,162.08235087
8.11,293.15,3.18928146809,0.817877254303,66.0516486216,162.550158803
8.12,293.15,3.18928146809,0.817877254303,66.3458167124,163.018047031
8.13,293.15,3.18928146809,0.817877254303,66.6384349276,163.485895065
8.14,293.15,3.18928146809,0.817877254303,66.9438887576,163.953572743
8.15,293.15,3.18928146809,0.817877254303,67.2434229081,164.421082702
8.16,293.15,3.18928146809,0.817877254303,67.5521319891,164.888407642
8.17,293.15,3.18928146809,0.817877254303,67.8659629698,165.355322975
8.18,293.15,3.18928146809,0.817877254303,68.1857913084,165.821450997
8.19,293.15,3.18928146809,0.817877254303,68.5010393337,166.287099751
8.2,293.15,3.18928146809,0.817877254303,68.8284004101,166.752021896
8.209999999999999,293.15,3.18928146809,0.817877254303,69.1678571162,167.21593022
8.22,293.15,3.18928146809,0.817877254303,67.6757187785,168.133629366
8.23,293.15,3.18928146809,0.817877254303,67.9101793169,168.631241223
8.24,293.15,3.18928146809,0.817877254303,68.1086351593,169.129788829
8.25,293.15,3.18928146809,0.817877254303,68.3254147526,169.629221308
8.26,293.15,3.18928146809,0.817877254303,68.5377380433,170.130772096
8.27,293.15,3.18928146809,0.817877254303,68.752774706,170.633458555
8.28,293.15,3.18928146809,0.817877254303,68.9768843286,171.13754179
8.29,293.15,3.18928146809,0.817877254303,69.1599199225,171.642399431
8.3,293.15,3.18928146809,0.817877254303,69.3701407212,172.148728139
8.31,293.15,3.18928146809,0.817877254303,69.6041956501,172.656134898
8.32,293.15,3.18928146809,0.817877254303,69.8071067057,173.177238765
8.33,293.15,3.18928146809,0.817877254303,70.0318699335,173.689338993
8.34,293.15,3.18928146809,0.817877254303,70.2428530152,174.202647779
8.35,293.15,3.18928146809,0.817877254303,70.4324376562,174.717080889
8.36,293.15,3.18928146809,0.817877254303,70.6732611485,175.232952884
8.37,293.15,3.18928146809,0.817877254303,70.8704622121,175.750941984
8.38,293.15,3.18928146809,0.817877254303,71.064536806,176.270380239
8.39,293.15,3.18928146809,0.817877254303,71.2901511627,176.790776623
8.4,293.15,3.18928146809,0.817877254303,71.4744593082,177.312917821
8.41,293.15,3.18928146809,0.817877254303,71.7128753988,177.836972887
8.42,293.15,3.18928146809,0.817877254303,71.9316132792,178.362162916
8.43,293.15,3.18928146809,0.817877254303,72.1430518968,178.889585087
8.44,293.15,3.18928146809,0.817877254303,72.353285749,179.418109346
8.45,293.15,3.18928146809,0.817877254303,72.5895120782,179.94860218
8.459999999999999,293.15,3.18928146809,0.817877254303,73.0078049559,180.425582643
8.47,293.15,3.18928146809,0.817877254303,73.2405944796,180.954277111
8.48,293.15,3.18928146809,0.817877254303,73.4778746433,181.486093003
8.49,293.15,3.18928146809,0.817877254303,73.707619866,182.018696638
