source,target
0,3188
0,2212
0,1823
0,2010
0,1194
0,917
1,1492
1,171
1,2306
1,2039
1,172
2,2550
2,1840
2,1678
2,1944
2,2651
3,1379
3,1453
3,339
3,557
3,2431
3,764
3,1910
3,3206
4,1168
4,77
4,2906
4,84
4,2488
4,2385
6,1900
6,2076
6,2599
6,499
6,478
6,1234
6,108
6,2637
7,2508
7,426
7,3155
7,230
7,2510
7,1969
7,2654
8,2175
8,1468
8,2824
8,709
8,2043
9,351
9,2758
9,66
9,3126
9,2195
10,2625
10,3183
10,14
10,2662
10,383
10,2874
10,2862
11,3111
11,1260
11,2593
11,1365
11,2742
11,254
11,787
12,2018
12,980
12,2992
12,1080
12,1806
13,1365
13,674
13,959
13,1090
13,495
13,1708
13,1556
14,2625
14,2323
14,677
14,2662
15,1333
15,1687
15,2286
15,104
15,311
15,2879
16,2615
16,1956
16,3004
16,3073
16,2459
16,604
17,1040
17,513
17,552
17,190
17,800
17,1626
18,354
18,1042
18,1210
18,2891
18,573
18,1816
18,739
18,1158
18,2000
19,2953
19,2617
19,820
19,2441
19,572
19,834
20,3003
20,2013
20,1893
20,1110
20,924
20,3017
20,1381
21,2962
21,3195
21,2945
21,2969
21,542
21,153
22,406
22,2020
22,1265
22,1696
22,841
22,161
22,715
22,2871
22,713
23,1060
23,1765
23,1766
23,334
23,2373
23,59
23,261
23,1473
24,1721
24,846
24,940
24,119
24,143
24,227
24,2885
24,33
25,44
25,1553
25,1841
25,1302
25,2447
25,1607
26,2361
26,2887
26,1311
27,1702
27,937
28,327
28,2094
28,996
28,1702
28,1290
28,518
29,2299
29,2986
29,1385
29,64
29,1305
29,2426
29,2896
29,2163
29,2255
29,1963
30,1560
30,2351
30,2528
30,1052
30,1293
30,2550
30,1840
30,2942
31,802
31,2942
31,848
31,1225
31,911
31,2591
32,2059
32,1417
32,586
32,1539
32,245
32,1066
32,244
32,256
33,119
33,967
33,2885
33,2848
33,3038
33,456
33,2819
34,1209
34,2698
34,2067
34,1115
34,2912
35,98
35,704
35,2284
35,1191
35,1359
36,3007
36,3097
36,2968
37,2114
37,1533
37,3020
37,1025
37,2262
37,2172
38,735
38,2045
38,1914
38,1166
38,2127
38,742
39,990
39,1519
39,97
39,2968
39,2258
39,1416
39,593
39,1245
39,314
40,3176
40,2935
40,1424
40,2524
40,1562
40,1294
41,2065
41,2717
41,2587
41,1353
41,2301
41,1419
41,588
42,55
42,1980
42,621
42,3127
42,3110
43,1537
43,2501
43,501
43,1098
43,1771
43,2997
44,2264
44,3025
44,2974
44,1553
44,428
44,1841
45,3082
45,205
45,771
45,2709
45,1204
45,2299
45,2986
46,2605
46,94
46,2432
46,173
46,355
46,2022
46,2936
46,1322
47,348
47,411
47,1821
47,3055
47,1497
47,2315
48,1978
48,1906
48,2502
48,2798
48,2503
48,1803
48,1668
49,3139
49,3021
49,2638
49,2548
49,2489
49,2973
49,995
49,1346
50,3170
50,2776
50,3024
50,2149
50,89
51,126
51,2396
51,192
51,1474
51,1644
51,349
51,923
51,374
52,145
52,1327
52,1975
52,3057
52,1592
52,1717
53,3028
53,453
53,1602
53,2910
53,2915
54,2500
54,2882
54,1444
54,2726
54,2397
54,1329
55,196
55,2200
55,2179
55,1980
55,3110
56,1402
56,2526
56,1981
56,689
56,1237
56,2619
57,976
57,535
57,1030
57,3219
58,313
58,1039
58,1232
58,2439
58,2720
58,1863
59,334
59,1473
59,1681
59,1235
59,2849
60,2660
60,2242
60,1150
60,2078
60,2725
60,2060
60,183
61,3163
61,3090
61,1319
61,2799
62,1404
62,456
62,919
62,233
62,257
62,2071
63,842
63,295
63,2888
63,2384
63,1343
63,977
63,492
64,1204
64,2986
64,2796
64,1305
64,319
65,827
65,826
65,550
65,1760
66,3074
66,2758
66,2737
66,3126
66,2177
67,1223
67,562
67,410
67,533
67,1834
68,1843
68,2210
68,273
68,368
68,240
68,2487
69,955
69,807
69,878
69,1490
69,1484
69,2685
70,759
70,206
70,1085
70,891
70,2508
70,2633
71,1011
71,1012
71,407
72,1801
72,998
72,2782
72,3119
73,1709
73,2688
73,2097
73,2160
73,1872
73,3121
74,3218
74,2569
74,1748
74,1536
74,1354
74,2577
76,3035
76,2541
76,2336
76,1848
76,2695
76,707
76,2626
77,978
77,1168
77,2906
77,2620
77,338
78,225
78,1068
78,867
78,2449
78,1595
78,1782
78,2767
79,3052
79,2261
79,1761
79,509
79,1718
79,1197
79,1920
79,2674
82,866
82,398
82,146
82,205
82,2709
82,2299
83,730
83,441
83,1664
83,1723
83,2666
83,2043
84,1168
84,1800
84,2065
84,588
84,2488
84,473
85,751
85,1784
85,1049
85,1572
85,1557
85,2248
85,2998
86,1615
86,1155
86,2898
86,1900
86,128
86,478
86,1912
86,1072
87,1569
87,2024
87,859
87,2924
87,991
88,2700
88,1195
88,3215
88,2440
89,3024
89,2149
89,215
89,489
89,505
89,2794
89,2764
90,1962
90,3059
90,488
90,334
90,2317
90,1681
90,1087
91,2115
91,1364
91,852
91,2086
91,1713
91,361
92,2618
92,1784
92,1572
92,2592
92,1950
92,2712
93,2903
93,1031
93,1781
93,2268
93,640
93,2596
94,2647
94,2605
94,819
94,2432
95,1194
95,2340
95,1987
95,2926
96,1475
96,2420
96,693
96,2872
96,3170
96,3024
96,209
97,2834
97,990
97,1617
97,1519
97,3067
97,1416
98,3032
98,2680
98,2931
98,704
98,1191
99,2575
99,2374
99,484
99,2909
99,444
99,1316
99,2228
100,901
100,1382
100,3185
100,2118
100,1091
100,1512
101,2910
101,757
101,1211
101,176
101,2030
102,967
102,1094
102,3038
102,1588
102,549
102,599
102,2819
102,2331
103,1870
103,1573
103,2575
103,432
104,1687
104,1989
104,311
104,2773
105,1433
105,2514
105,3176
105,2935
105,2518
106,2808
106,207
106,1945
106,2902
106,1441
107,1448
107,3072
107,2467
107,2664
107,502
107,1820
107,1044
107,1190
108,499
108,1234
108,2637
108,2152
108,1508
109,2809
109,3053
109,511
109,2748
109,652
110,2451
110,2222
110,2668
110,1373
110,2950
110,3157
111,2565
111,2143
111,2714
111,2142
111,2717
111,1295
112,2437
112,1185
112,2088
112,3130
112,1783
112,415
113,1536
113,1642
113,2577
113,466
113,2295
113,330
113,650
114,152
114,3147
114,2898
114,1296
114,263
114,3076
115,1911
115,1698
115,1310
115,1707
115,2616
115,1792
115,288
116,373
116,944
116,289
116,839
116,1619
116,1375
117,2170
117,2531
117,1714
117,2661
117,712
118,1362
118,1342
118,3056
118,2361
118,2887
118,569
119,1721
119,967
120,1723
120,2666
120,2043
120,1655
120,2479
120,1569
120,1034
121,2456
121,1813
121,855
121,3184
121,3058
122,2842
122,378
122,214
122,1074
122,2478
123,686
123,2658
123,2109
123,1529
123,3191
123,318
124,594
124,2316
124,2946
124,1804
124,762
124,832
124,2264
125,1091
125,1908
125,3023
125,1331
125,2049
125,2257
125,540
126,1952
126,336
126,366
126,2396
126,754
126,192
127,1349
127,1834
127,2858
127,2724
127,3074
128,2898
128,1912
128,2063
129,1990
129,1966
129,1732
129,1147
130,1006
130,627
130,2989
130,1418
130,852
130,2555
131,1594
131,326
131,134
131,135
131,2978
132,2770
132,1184
132,248
132,2789
132,237
132,3132
132,1285
133,2965
133,528
133,333
133,933
133,2769
133,1582
133,671
134,1594
134,2779
134,870
134,2978
134,2100
135,326
135,3042
135,677
135,325
135,2113
135,2500
135,2978
135,2397
136,870
136,1474
136,1644
136,2100
136,1618
136,1258
137,1584
137,1294
137,1940
137,2642
137,3220
138,3075
138,776
138,1212
138,1976
138,2821
139,3058
139,2584
139,909
139,279
139,1425
140,1724
140,309
140,1638
140,474
140,3161
140,876
141,2338
141,2517
141,2774
141,3041
142,1842
142,276
142,2068
142,3144
142,2873
142,3018
143,940
143,649
143,227
143,1787
143,2885
144,1009
144,2590
144,1568
144,160
144,1775
144,3054
145,2189
145,2687
145,1327
145,1975
146,531
146,866
146,1806
146,794
146,205
147,2621
147,775
147,253
147,2535
147,1007
147,1855
147,1686
147,1315
148,2352
148,238
148,1676
148,1890
148,2868
149,695
149,1895
149,1338
149,1384
150,1108
150,2215
150,979
150,730
150,2376
151,1277
151,3008
151,2714
151,1800
151,2065
151,2587
152,3012
152,1064
152,2055
152,1459
152,3147
152,1296
152,263
153,2969
153,542
153,1891
153,1548
154,604
154,3161
154,1878
154,876
154,1410
154,170
155,1386
155,1597
155,1649
155,3217
155,1063
155,435
155,2501
156,2720
156,1863
156,1461
156,2089
156,2290
157,1160
157,2209
157,1713
157,464
158,1685
158,1959
158,751
158,1818
158,1049
159,452
159,2640
159,3187
159,1261
159,632
160,1304
160,2590
160,2077
160,1754
160,3054
160,1515
161,841
161,545
161,715
162,1132
162,2672
162,1092
162,605
162,2840
163,2140
163,1970
163,3173
163,1844
163,1744
163,1957
163,2259
164,1373
164,2950
164,1219
164,1762
164,2951
164,2963
164,2168
165,607
165,2184
165,3158
165,1737
165,2676
165,1076
165,862
165,517
166,544
166,2675
166,1745
166,2050
166,2632
166,371
167,240
167,2487
167,1719
167,1360
167,726
168,1059
168,773
168,1442
168,2743
168,2976
168,733
168,1679
168,831
169,1924
169,1134
169,1927
169,2173
169,663
169,609
169,241
169,651
170,3073
170,2480
170,1878
170,1410
170,1304
170,3040
171,1123
171,3191
171,1492
171,2039
172,3228
172,2306
172,2039
172,1301
172,3146
172,3070
172,2276
173,2605
173,1821
173,1931
173,2433
173,2936
174,2704
174,2157
174,1426
174,341
174,951
174,1933
175,1783
175,415
175,2706
175,3062
175,3122
176,1211
176,1819
176,2030
176,1514
177,2693
177,866
177,1266
177,398
177,3230
178,2105
178,1441
178,1178
178,2523
178,439
178,2091
178,854
178,2740
179,1940
179,3012
179,1296
179,3220
179,263
180,2858
180,3074
180,772
180,1913
180,2737
180,1643
181,1946
181,2373
181,2967
181,881
181,3077
181,1135
181,1143
182,1023
182,654
183,2725
183,2060
183,568
183,1875
183,3160
184,3049
184,1918
184,813
184,2491
184,2359
184,399
184,1836
185,2797
185,2786
185,1649
185,2750
185,2005
185,3217
185,2894
185,877
186,2521
186,1847
186,1216
186,1287
186,790
186,362
187,2940
187,2766
187,2897
187,612
187,425
187,378
188,399
188,1836
188,264
188,1083
188,2613
188,332
188,2348
188,258
189,1682
189,3117
189,1877
189,1894
189,2622
189,1117
189,1042
190,2146
190,1559
190,1040
190,3068
190,1858
190,800
191,299
191,602
191,2358
191,1606
191,2850
191,2146
192,754
192,1140
192,349
193,2475
193,1716
193,434
193,1624
193,2003
194,2185
194,1665
194,3208
194,678
194,282
194,310
194,1264
194,580
195,758
195,2286
195,2271
195,2879
195,2230
196,2198
196,2169
196,2200
196,1980
197,791
197,2279
197,239
197,1487
197,2866
197,2105
197,270
197,1178
198,1824
198,1545
198,1109
198,2994
198,1696
198,226
199,1645
199,1554
199,2960
199,681
199,2087
199,1228
199,307
200,924
200,3017
200,1066
200,2571
200,2052
200,2101
201,1119
201,2319
201,2476
201,2946
201,1047
201,1804
202,2979
202,1809
202,277
202,892
202,1372
202,1165
202,2024
203,744
203,1075
203,2585
203,1921
203,1247
203,942
205,1806
205,2192
205,3082
205,2709
206,2322
206,1152
206,615
206,759
206,1085
207,1496
207,2588
207,1750
207,2808
207,2752
207,2902
207,472
208,2651
208,1079
208,3177
208,1831
208,828
208,3129
208,2883
208,3153
209,2872
209,2509
209,3024
209,725
209,215
210,3157
210,1762
210,543
210,2963
210,2452
210,760
211,3168
211,2103
211,912
211,598
212,1481
212,2099
212,1609
212,2209
212,2525
213,1245
213,1129
213,840
213,748
213,2759
213,3139
213,3021
214,2897
214,1937
214,378
214,2478
214,749
215,3024
215,725
215,2764
216,1858
216,800
216,1626
216,893
216,2532
216,1253
217,3151
217,1238
217,2456
217,2670
217,1813
218,2217
218,3171
218,1830
218,2710
218,694
218,1764
218,556
218,548
219,2007
219,2183
219,2956
219,1848
219,1309
219,2695
219,641
219,1153
220,859
220,991
220,1740
220,2891
220,2239
220,1949
221,1909
221,2854
221,1534
221,2616
221,1728
221,1544
222,1229
222,832
222,3025
222,1524
222,2833
222,516
223,2266
223,1734
223,1943
223,1046
223,1851
223,2313
224,2324
224,1864
224,1563
224,939
224,1663
224,3223
224,2653
225,2443
225,2016
225,1068
225,867
225,2767
226,1109
226,2994
226,1696
226,636
226,1470
227,1787
227,2885
227,2360
227,2848
228,2992
228,2292
228,1124
228,1452
228,2030
228,531
228,1806
228,794
229,3160
229,983
229,1768
229,699
229,2893
229,2620
230,2508
230,426
230,1780
230,1969
230,2654
230,2512
231,1680
231,1358
231,1677
231,2485
231,2116
231,2949
231,421
232,1851
232,2313
232,836
232,1017
232,804
232,936
233,456
233,591
233,2071
234,1207
234,1436
234,2088
234,1015
234,627
234,415
234,2557
235,3126
235,3124
235,2195
235,3125
235,483
235,1286
236,3132
236,1285
236,1870
236,1573
236,2506
237,248
237,3162
237,564
237,1285
237,1725
237,2738
238,2352
238,2252
238,1676
239,2279
239,2425
239,1945
239,2866
240,2210
240,1635
240,2280
240,2487
240,1360
241,663
241,651
241,1777
241,2953
243,2224
243,610
243,291
243,1036
243,3008
243,2249
244,245
244,256
244,3016
244,585
245,1539
245,3109
245,3016
246,2505
246,2293
246,2511
246,1710
247,1934
247,2354
247,2594
247,2533
247,3084
247,2393
248,2753
248,1184
248,2337
248,3137
248,3162
249,2463
249,1669
249,350
249,2867
249,1814
249,2125
249,2405
250,2081
250,2390
250,1673
250,705
250,763
251,2515
251,2224
251,1177
251,1377
252,1689
252,2602
252,1028
252,2302
252,1230
252,2296
253,796
253,1788
253,469
253,2621
253,1007
254,553
254,1260
254,968
254,2522
254,2581
254,787
254,1164
256,1066
256,1688
256,585
257,919
257,2071
257,1670
257,3221
258,1530
258,2613
258,723
258,332
258,3180
258,2325
258,2134
258,2519
260,1494
260,1421
260,534
260,2583
260,1107
261,2373
261,1473
261,1135
261,290
262,813
262,2359
262,2025
262,2614
262,1823
262,2608
263,1296
263,3220
263,1865
263,3076
263,3048
264,2491
264,1985
264,2908
264,399
264,1530
264,2613
265,1583
265,2398
265,1695
265,2415
265,1423
266,410
266,533
266,2125
266,851
266,274
266,1039
267,2849
267,670
267,2453
267,825
267,1270
267,1196
268,2856
268,1357
268,1479
268,630
269,2586
269,1876
269,1352
269,2560
269,1608
269,3050
270,2855
270,1487
270,2107
270,1178
270,2523
270,1181
271,2644
271,2406
271,2407
271,2847
271,1941
271,1721
272,1525
272,1028
272,3227
272,2730
272,2607
272,1934
273,1843
273,606
273,368
273,861
273,2283
274,2125
274,313
274,1039
275,982
275,1965
275,2744
275,883
275,340
275,818
275,1852
276,2152
276,1508
276,1842
276,2545
276,1601
276,3144
277,2979
277,1666
277,1372
279,909
279,1425
279,459
279,2322
279,1152
280,628
280,2518
280,1815
280,2944
280,446
280,3086
281,1582
281,671
281,682
281,1089
281,3049
281,676
281,1810
282,2185
282,369
282,310
283,2144
283,2011
283,2875
283,2269
283,900
283,950
283,1648
284,1193
284,1097
284,1275
284,1972
285,847
285,2498
285,1843
285,2210
286,2395
286,1328
286,2634
286,2084
287,342
287,579
287,2412
287,2599
287,499
287,1639
288,1310
288,2237
288,1792
288,1544
288,1073
288,2164
288,1982
289,944
289,655
289,1375
289,2368
290,1473
290,1135
290,1235
290,1735
291,2224
291,1377
291,1277
291,3008
292,294
292,994
292,2058
292,2829
292,2677
292,729
293,2938
293,1915
293,1540
293,660
293,745
293,2876
293,2291
294,877
294,1546
294,781
294,994
294,2829
295,2931
295,842
295,1191
295,2888
296,2179
296,1222
296,1986
296,2733
296,608
296,2047
296,1335
296,2031
297,961
297,1989
297,1022
297,645
297,989
298,1935
298,1641
298,1460
298,803
298,1366
299,1772
299,603
299,602
299,1466
299,1268
299,2850
300,1661
300,668
300,385
300,1209
300,2698
300,429
300,2429
301,1997
302,1967
302,736
302,1037
302,1873
302,1598
302,696
302,2527
303,2056
303,1428
303,659
303,657
303,1317
303,584
304,2823
304,1567
304,1901
304,1616
304,2282
304,1652
305,1697
305,2414
305,1161
305,2815
305,3071
306,3172
306,1317
306,2728
306,2170
306,948
306,2526
307,681
307,1228
307,2275
307,2513
307,2918
308,653
308,1877
308,620
308,919
308,1117
308,1670
309,1724
309,1897
309,721
309,1647
309,1638
310,678
310,1264
310,580
311,2773
311,2879
311,1828
312,2574
312,895
312,3121
312,2138
312,586
312,949
313,2125
313,1039
313,2405
313,1998
313,2439
314,593
314,1245
314,347
314,840
314,416
314,3139
315,1374
315,2465
315,2447
315,1661
315,1742
315,2256
315,668
316,1703
318,1529
318,3191
318,2777
318,1492
318,3228
319,2796
319,1305
319,1669
319,562
320,770
320,1728
320,1544
320,3006
320,903
321,1186
321,3145
321,450
321,2233
321,1751
321,1753
322,767
322,517
322,1247
322,942
322,2547
323,2486
323,1092
323,2628
323,605
323,2948
324,2051
324,1127
324,1056
324,2723
324,1411
324,1368
324,551
324,2604
325,677
325,2662
325,2113
326,3081
326,1594
326,2182
326,3042
327,825
327,1480
327,1196
327,2094
327,1702
328,393
328,1634
328,3181
329,1633
329,2549
329,1288
329,2809
329,3053
330,2295
330,650
330,3103
330,1104
331,1968
331,3078
331,2398
331,3226
331,1423
331,1899
332,1083
332,2613
332,2348
332,2325
332,981
333,528
333,1577
333,2111
333,1582
333,2603
333,671
334,1060
334,3059
334,1681
335,2066
335,1988
335,590
335,1347
335,3072
336,706
336,1711
336,1952
336,366
337,1578
337,2741
337,2721
337,3134
337,1252
337,2055
338,2906
338,2620
338,1379
338,2385
338,339
339,2906
339,1379
339,2385
339,2402
339,2431
340,2744
340,1852
340,1486
340,2327
340,1849
341,592
341,2157
341,1933
341,943
341,2527
341,2922
342,2325
342,981
342,2519
342,619
342,579
342,2412
343,1638
343,474
343,2905
343,1861
343,1009
344,3180
344,419
344,1638
344,560
344,2905
344,2134
345,2434
345,2051
345,1051
345,2723
345,1312
346,915
346,1043
346,3163
347,3007
347,1990
347,2582
347,593
347,3194
347,416
347,3197
348,461
348,500
348,3167
348,411
348,1497
349,1140
349,2150
349,923
349,643
350,2400
350,926
350,2463
350,1669
351,1971
351,851
351,1039
351,2758
351,1232
351,2195
352,388
352,563
352,2623
352,796
352,1712
352,1788
353,2816
353,648
353,1281
353,2907
353,3065
354,1034
354,859
354,2622
354,1042
354,1210
355,2432
355,601
355,2022
355,2253
356,470
356,2562
356,822
356,2474
356,2416
356,2755
357,2123
357,2998
357,2156
357,2865
357,2659
357,592
357,1598
358,816
358,3234
358,3212
358,359
358,1029
358,1733
358,3186
359,2327
359,491
359,3212
359,2869
359,1029
359,2492
360,1445
360,2427
360,2558
360,1461
360,1789
360,1671
360,2785
361,2086
361,388
361,1713
361,1712
362,1216
362,790
362,1349
362,1889
363,765
363,1450
363,2545
363,2731
363,1601
363,2980
365,1883
365,1274
365,1850
365,2334
365,2159
365,2641
366,1159
366,611
366,1711
366,597
366,2396
367,1820
367,2137
367,1190
367,3044
368,2487
368,2454
368,2283
369,1390
369,2185
370,2142
370,931
370,2320
370,2227
370,589
370,1432
371,2050
371,2632
371,2275
371,2136
371,3138
371,608
372,2871
372,713
372,2947
372,1922
372,634
372,946
373,898
373,3101
373,1014
373,944
373,839
374,1644
374,1618
374,923
374,822
375,2828
375,1174
375,2155
375,2803
375,1159
375,1767
376,2015
377,1224
377,2204
377,1718
377,1920
377,1221
377,3120
378,2897
378,425
378,2842
379,448
379,480
379,953
379,1246
379,679
379,1611
380,2457
380,1485
380,2289
380,2070
380,2404
380,1138
382,1744
382,1957
382,1919
382,2522
382,2581
382,2652
382,1118
383,2662
383,2113
383,2882
383,405
383,2862
383,1280
384,1447
384,753
384,3196
384,2732
384,1926
384,402
384,2207
384,896
384,920
385,445
385,1661
385,460
385,880
385,1209
386,1899
386,644
386,1436
386,1015
386,1006
386,627
387,855
387,3058
387,2584
387,2307
387,2353
388,2086
388,563
388,1712
389,2792
389,1464
389,2383
389,1819
389,457
389,1514
390,490
390,1909
390,2873
390,2285
390,2854
390,2057
391,863
391,2973
391,2263
391,995
391,2988
392,2727
392,1250
392,2464
392,2746
392,2442
392,2367
393,396
393,1634
394,1418
394,852
394,2555
394,2086
394,2388
394,563
395,715
395,713
395,2845
395,1922
395,514
395,510
395,2507
396,2552
396,1108
396,1634
397,910
397,849
397,2389
397,2561
398,2693
398,866
398,3230
398,2181
398,2299
398,2896
399,2491
399,1836
399,1083
400,3208
400,678
400,665
400,2655
400,2443
400,2016
400,580
401,422
402,2732
402,2954
402,2826
402,2207
403,3084
403,2538
403,2191
403,2780
403,2326
403,574
403,2455
404,910
404,1795
404,849
404,1731
405,2882
405,1444
405,3229
405,1280
406,2812
406,680
406,2020
406,841
407,1012
407,1883
407,2449
410,562
410,2867
410,533
410,2125
411,3167
411,572
411,3055
412,478
412,1072
412,3051
412,765
412,1234
413,561
413,2063
413,3051
413,1450
413,2272
413,2646
414,484
414,2413
414,432
414,530
414,2760
414,1000
415,2088
415,1783
415,2557
415,2419
415,2706
416,3194
416,3197
416,3139
416,2309
416,2638
417,566
417,3093
417,2424
417,1904
417,1493
418,1076
418,862
418,517
418,2954
418,2700
418,2547
418,945
419,2490
419,1647
419,723
419,3180
419,1638
420,624
420,1220
420,1923
420,960
420,2631
420,2204
421,2116
421,2949
421,1133
421,1849
421,3159
422,518
422,1869
422,2208
422,2367
422,2114
422,1533
423,2101
423,1688
423,2461
423,1438
423,2569
423,1354
424,1502
424,3062
424,1249
424,2576
424,2413
425,2883
425,612
425,1520
425,2842
426,2606
426,891
426,2508
426,2512
428,2631
428,868
428,2974
428,1841
428,1769
429,2256
429,668
429,546
429,2429
429,577
431,716
431,1069
431,1171
431,3061
431,1499
432,1870
432,2575
432,484
432,1249
432,2413
433,724
433,2722
433,1528
433,2821
433,2694
434,1828
434,2475
434,1093
434,2003
435,1597
435,2298
435,2501
435,501
436,1990
436,1966
436,3194
436,3197
436,2309
436,2006
437,2225
437,784
437,2595
437,894
437,1318
438,1024
438,1932
438,3004
438,2214
438,2536
438,799
439,2523
439,1181
439,854
439,2027
439,2665
440,2901
440,633
440,1954
440,1156
440,2034
440,1916
440,3088
441,730
441,2763
441,1050
441,1664
442,1049
442,1557
442,2123
442,2865
442,1298
442,1855
442,2612
443,1013
443,1393
443,1400
443,1398
443,1336
443,1394
443,1399
444,484
444,3009
444,1316
444,2719
445,2447
445,1607
445,1661
445,460
446,2944
446,3086
446,1189
446,1498
447,2038
447,1944
447,2651
447,2551
447,1079
447,1251
448,2471
448,1363
448,2018
448,480
448,953
449,857
449,2041
449,2291
449,1356
449,1510
449,735
450,1186
450,2233
450,2870
450,1141
450,918
451,2233
451,918
451,1422
451,1014
451,1055
451,2627
452,2775
452,1929
452,688
452,2640
452,3187
453,2257
453,540
453,1246
453,3028
453,679
453,1602
454,1127
454,673
454,1056
454,741
454,2810
454,963
455,1760
455,2509
455,725
456,2848
456,1404
456,591
456,2819
457,2383
457,1116
457,2863
457,899
457,1514
458,3027
458,1717
458,1811
458,2875
459,909
459,2322
459,2606
459,891
460,1607
460,1833
460,880
461,1215
461,1659
461,2679
461,884
461,500
461,558
461,1497
462,2559
462,1070
462,1993
462,1167
462,1581
462,2183
464,2209
464,1713
464,2525
464,1712
464,2686
464,1832
465,1642
465,650
465,2511
465,1903
465,2696
465,1104
466,1748
466,1099
466,1536
466,2196
466,1576
466,2295
467,1561
467,1386
467,2243
467,1597
468,1490
468,2232
468,2129
468,697
468,557
468,2251
469,1712
469,2686
469,1788
469,1832
469,2535
469,1007
470,2726
470,1805
470,1258
470,1329
470,2562
470,2416
471,1180
471,2415
471,3092
471,929
471,1690
471,2544
472,1750
472,3149
472,2902
472,2378
472,2964
472,2895
473,2301
473,588
473,2488
473,3010
473,3011
474,1638
474,1756
474,876
474,1009
475,1035
475,1401
475,1693
475,1341
475,2267
475,2222
477,2193
477,1242
477,2112
477,1172
477,1749
478,1900
478,1072
478,1234
479,1688
479,585
479,2983
479,2461
479,935
480,2018
480,2992
480,1611
481,1961
481,881
481,1143
481,1736
481,2015
481,2834
481,3064
482,1032
482,2406
482,1692
482,1941
482,967
482,1094
483,3125
483,2089
483,1286
483,2339
484,2575
484,2374
484,1000
484,3009
485,1489
485,1213
485,2008
485,1454
485,2877
485,1896
487,776
487,1528
487,2821
487,921
487,2694
487,869
488,1962
488,576
488,1734
488,2317
489,1339
489,902
489,1726
489,2149
489,769
489,496
489,505
489,2794
490,2640
490,1261
490,1909
490,2068
490,2873
491,1852
491,613
491,2327
491,1208
491,2869
492,2888
492,1506
492,977
492,2238
492,2595
492,544
492,2029
493,2121
493,2069
493,974
493,2827
493,2800
494,2790
494,1622
494,3060
495,1365
495,787
495,1164
495,2036
495,1708
496,769
496,2794
496,2764
496,774
496,2002
497,1627
497,1437
497,587
497,2438
497,2147
498,1165
498,885
498,1599
498,2108
499,2599
499,1639
499,2637
500,3207
500,1215
500,3167
501,2298
501,2501
501,1098
502,2468
502,2467
502,1820
502,1190
503,1038
503,2827
503,2042
503,1122
503,3075
503,2110
504,675
504,3136
504,2835
504,1864
504,2972
504,2165
505,2794
506,618
506,1769
506,2630
506,887
506,2889
506,1833
507,821
507,2308
507,2329
507,2032
507,2148
507,685
507,1149
509,1743
509,1233
509,1472
509,1683
509,3052
509,1197
510,2845
510,2801
510,3000
510,623
510,2260
510,1218
510,691
510,616
510,2507
511,3234
511,2809
511,657
511,2748
511,3172
512,1780
512,2654
512,1412
512,2512
512,626
512,1176
512,1523
513,1606
513,2231
513,2833
513,1040
513,552
514,1922
514,634
514,2507
514,3178
515,1846
515,1121
515,1308
515,3202
515,2971
515,2660
515,1150
516,1524
516,2833
516,1374
516,2465
517,2676
517,767
517,862
517,2547
518,1702
518,1290
518,1869
518,2208
519,2510
519,1969
519,2140
519,2938
519,3173
519,1915
521,1795
521,1731
521,2591
521,1307
521,2813
522,3033
522,1596
522,1803
522,1668
522,2570
522,2750
522,1700
523,2934
523,2197
523,1491
523,2302
523,2601
524,2512
524,1330
524,626
524,2841
524,2274
525,599
525,2418
525,2331
525,2466
525,2009
525,1496
526,3190
526,3085
526,1774
526,1814
526,1297
526,1613
527,2196
527,1576
527,2987
527,2154
527,2542
527,1466
527,2188
527,2579
528,640
528,2965
528,2596
528,1939
528,1577
530,2576
530,2413
530,1501
530,1077
530,2760
531,1452
531,2482
531,866
531,794
532,1725
532,1706
532,659
532,2656
532,1402
532,1981
533,1971
533,851
533,1834
533,2724
534,1528
534,1494
534,2583
534,916
535,1396
535,1640
535,976
535,3090
535,1319
535,3219
535,838
535,2104
536,3116
536,752
536,2886
536,2625
536,2323
537,1634
537,3181
537,2363
537,801
537,1827
538,2561
538,2552
538,1625
540,3023
540,1331
540,2257
540,2830
540,3028
542,3195
542,1324
542,871
542,1891
543,1400
543,3157
543,1518
543,1397
543,2452
543,1030
544,2595
544,894
544,2029
544,2675
544,1745
545,3153
545,841
545,1371
545,714
545,715
545,2839
545,1074
546,893
546,2256
546,2532
546,2026
546,577
546,2357
547,2583
547,2921
547,916
547,2751
548,1830
548,925
548,556
548,1060
548,1765
549,599
549,2331
550,1973
550,850
550,827
551,1368
551,997
551,2604
551,1088
551,2175
551,1468
551,2043
552,2833
552,1374
552,1626
552,2837
552,1742
553,1321
553,2671
553,1078
553,3111
553,1260
553,968
554,2963
554,2611
554,2166
554,1737
554,1075
554,1921
554,767
555,694
555,3189
555,1764
555,1456
555,556
555,1060
555,1962
555,3059
556,1764
556,1060
557,1379
557,1453
557,697
557,2251
557,764
558,884
558,2605
558,1821
558,1497
559,2033
559,1948
559,566
559,1636
560,2905
560,2134
560,3019
560,1929
560,1861
561,2898
561,2063
561,1409
561,2272
562,1305
562,1669
562,1223
562,2867
563,2086
563,2388
563,1257
563,2623
564,3162
564,1725
564,3039
564,1706
565,3065
565,3133
565,1995
565,2537
565,3222
566,1948
566,3093
566,1636
566,2424
567,1047
567,1804
567,2747
567,930
567,1229
568,2725
568,3160
568,1071
568,646
568,1206
569,1362
569,2361
569,1003
569,3047
569,1311
570,2673
570,2960
570,2852
570,1915
570,1540
571,674
571,2151
571,2651
571,959
571,3036
571,3177
572,3207
572,2617
572,3167
572,834
572,1003
572,3055
573,1117
573,1042
573,1670
573,2219
573,739
573,2878
573,1790
573,2970
574,1150
574,2538
574,2326
574,2060
574,1875
574,2455
575,2643
575,2464
575,1630
575,2442
575,2473
575,1997
576,2095
576,2266
576,1962
576,1734
577,2429
577,2026
577,1269
577,1002
578,3096
578,1389
578,846
578,940
578,649
579,619
579,2757
579,3102
579,1639
580,678
580,2443
580,2016
580,1264
580,2074
580,2933
581,2928
581,1332
581,1892
581,3156
581,3143
581,1847
582,2682
582,815
582,2379
582,672
582,1691
582,2303
582,2930
583,2179
583,3110
583,1958
583,2047
583,1531
584,659
584,1317
584,1402
584,2526
585,3016
585,1688
585,2982
585,2983
586,895
586,2059
586,949
586,1539
587,1627
587,639
587,3218
587,2438
588,2065
588,2587
588,2301
589,2142
589,1295
589,1432
589,3014
590,2861
590,2066
590,2745
590,2103
590,2369
590,1347
591,2819
591,2071
592,2659
592,2704
592,2157
592,1598
592,2527
593,2968
593,2582
594,1663
594,2316
594,762
595,2556
595,597
595,2779
595,870
595,2396
595,1474
596,1787
596,1697
596,2360
596,1404
596,620
597,1159
597,2556
597,2396
598,2103
598,912
598,2369
598,2218
598,2645
599,1588
599,2418
599,2331
600,727
600,1370
600,964
600,2838
600,1860
600,2554
601,2432
601,2028
601,1326
601,2253
601,744
602,2497
602,603
602,2444
602,2358
603,2943
603,1772
603,2497
604,3073
604,1203
604,3150
604,2459
604,3161
604,1878
605,1092
605,2948
605,2840
605,1532
605,743
606,1845
606,2939
606,1843
606,861
607,2452
607,760
607,2166
607,2184
607,3158
608,1306
608,2050
608,3138
608,2733
608,2031
609,2531
609,1927
609,651
609,2484
609,2661
610,1272
610,2224
610,1061
610,1036
611,2814
611,3091
611,2155
611,1159
611,2913
611,1711
612,1183
612,2940
612,2766
612,1284
612,2883
613,2001
613,818
613,1852
613,1504
613,1208
614,1073
614,1982
614,903
614,1403
615,1152
615,2353
615,2384
615,1343
615,701
615,759
616,2260
616,691
616,3178
616,1807
616,1859
617,2520
617,1901
617,3108
617,1889
617,2135
618,1841
618,1607
618,1769
618,1833
619,2519
619,3019
619,2757
620,1697
620,1161
620,653
620,3071
620,1404
620,3083
620,919
621,1980
621,778
621,3046
621,3127
621,2421
621,1103
622,2422
622,2042
622,2423
622,2350
622,1122
623,3000
623,1218
624,1719
624,864
624,1220
624,1923
625,974
625,2800
625,2588
625,1580
625,2349
625,1750
626,2512
626,1176
626,2274
626,1523
627,1015
627,1006
627,2557
627,1418
628,1807
628,2514
628,2518
628,1815
629,1507
629,2150
629,1873
629,722
629,2380
629,1367
630,1357
630,1479
630,1477
631,2813
631,636
631,1470
631,2871
631,2947
631,932
631,3095
632,2678
632,3187
632,1261
632,1911
632,1909
633,2474
633,2901
633,2755
633,1916
634,1922
634,946
634,3178
634,1692
635,2881
635,2098
635,1127
635,673
636,2994
636,2813
636,1470
638,1595
638,1782
638,2372
638,1227
639,1627
639,2052
639,1438
639,3218
640,2268
640,2223
640,2965
640,2596
641,1848
641,1309
641,2695
641,1153
641,1657
641,2598
642,2755
642,2007
642,2956
642,1916
642,687
643,2150
643,923
643,2380
643,1367
643,822
643,2474
643,2901
644,2415
644,1423
644,1899
644,1006
644,929
645,1989
645,2773
645,2211
645,989
645,973
646,2725
646,1429
646,2864
646,1324
646,871
646,1206
647,1753
647,1674
647,1534
647,770
647,812
647,1422
648,3103
648,1104
648,2816
648,2990
648,2907
649,3096
649,940
649,1787
649,1697
649,1655
650,1642
650,1104
651,2484
651,2975
651,2953
652,3053
652,1727
652,2748
652,2728
652,1925
652,1018
653,2414
653,2815
653,2479
653,1682
653,1877
653,3083
654,2066
654,1023
654,1388
654,1988
654,814
654,1448
655,3069
655,944
655,1045
655,2921
655,2368
656,879
656,2344
656,2099
656,2032
656,856
656,1685
657,3234
657,3186
657,1428
657,3172
657,1317
658,3222
658,2496
658,1907
658,2342
658,2494
659,2056
659,1706
659,1402
660,2852
660,2918
660,1540
660,2663
660,2041
660,2291
661,899
661,1716
661,1624
661,1332
661,2003
661,2355
661,1892
662,1137
662,2445
662,1267
662,1361
662,1300
662,1513
662,3112
663,2540
663,888
663,2173
663,1777
664,1550
664,1684
664,3183
664,750
664,2859
664,2874
665,3208
665,2213
665,711
665,2655
666,2484
666,2661
666,712
666,835
666,3175
666,1391
667,1805
667,2559
667,1993
667,2416
667,2755
667,2007
668,1661
668,2256
669,3045
669,1129
670,1681
670,1087
670,2849
670,3114
670,825
671,933
671,2769
671,1582
671,676
672,2379
672,1874
672,1057
672,3150
672,1724
672,2930
672,721
673,1127
673,1056
674,1365
674,2742
674,2151
674,959
674,1090
675,1335
675,1531
675,2031
675,3136
675,2629
675,2835
676,2769
676,1111
676,1089
676,1810
677,2323
677,3210
677,3042
677,2662
678,1665
678,3208
678,1264
679,1246
679,1611
679,1602
679,2910
679,1124
680,2812
680,728
680,828
680,3153
680,841
681,2960
681,2852
681,2918
682,1582
682,2603
682,3209
682,1089
682,3049
682,1918
683,2471
683,1603
683,1145
683,953
683,1246
684,2311
684,1938
684,2434
684,1051
685,2148
685,1005
685,1149
685,1031
686,885
686,2924
686,2108
686,2658
686,2109
687,2956
687,1916
687,3088
687,971
687,1001
688,1929
688,1861
688,1568
688,2678
688,3187
689,948
689,2920
689,2526
689,2619
689,2761
690,2117
690,3045
690,1630
690,1129
690,748
691,1218
691,1807
692,1710
692,1279
692,1188
692,3190
692,3085
693,2420
693,2872
693,2470
693,1101
693,1835
694,1493
694,792
694,2710
694,3189
694,1764
694,1456
695,2648
695,2904
695,1895
695,1338
696,1873
696,2527
696,722
696,1752
697,1490
697,2685
697,1651
697,1453
698,2133
698,2711
698,1489
698,1213
698,1896
699,3160
699,1071
699,3216
699,2713
699,2893
700,1444
700,3229
700,1805
700,1328
700,1217
700,2559
700,1070
701,1343
701,759
701,1151
701,3063
702,915
703,2033
703,1636
703,2070
703,2404
703,3079
704,2120
704,3032
705,2081
705,2190
705,1226
705,763
705,1974
705,2245
706,1257
706,2623
706,2913
706,1711
706,1952
707,2336
707,850
707,2626
707,827
707,2470
707,1101
708,3114
708,804
708,2993
708,1259
709,2824
709,2043
709,777
709,1809
710,2856
710,1479
711,2213
711,2655
711,3204
711,2016
712,1714
712,2661
712,2995
712,3175
713,715
713,2871
713,1922
714,1371
714,2842
714,1074
715,2839
715,2845
716,1886
716,2161
716,1978
716,1126
716,1906
716,1069
716,1171
717,1126
717,1172
717,1069
717,1749
717,3003
717,2013
718,2301
718,1419
718,1562
718,1578
718,1584
718,2741
718,1940
718,3012
718,1064
719,2782
719,2985
719,3107
719,1709
719,2580
720,1285
720,2738
720,1573
720,2194
720,2374
721,1724
721,2303
721,2930
721,1897
721,1647
722,1873
722,1752
722,1367
722,2901
722,1954
722,1730
723,2914
723,2490
723,1530
723,2613
723,3180
724,1976
724,3094
724,1062
724,1458
724,2722
724,2821
725,2509
726,1719
726,1360
726,2127
726,2610
726,1822
726,2804
727,1879
727,1370
727,1860
728,1251
728,2206
728,2812
728,828
729,2829
729,2677
729,1772
729,2154
729,1466
730,979
730,2763
730,2376
730,1008
730,1723
730,1431
731,1616
731,3108
731,988
731,972
731,2135
731,1902
731,1358
732,1580
732,1212
732,2349
732,1062
733,2743
733,2468
733,831
733,823
734,2131
734,1065
734,778
734,3046
734,1278
735,2291
735,2017
735,1510
735,2045
735,1914
736,2865
736,2612
736,1967
736,1598
737,1521
737,1114
737,1233
737,1808
738,3030
738,1556
738,2458
738,2934
738,1689
738,1491
739,1816
739,2219
739,1790
739,2648
739,2904
740,2350
740,1122
740,2572
740,3075
740,2870
740,1579
741,1056
741,1411
741,2810
742,1166
742,2127
742,1867
742,2610
742,1743
743,2840
743,1532
743,2343
743,1016
744,1326
744,2253
744,2585
744,2366
744,942
745,2938
745,1744
745,2229
745,1919
745,2876
746,3152
746,1306
746,2169
746,1986
746,2733
747,1933
747,943
747,1173
747,1874
747,2820
747,1057
748,3045
748,1630
748,1129
748,2473
748,2759
749,1937
749,2143
749,2142
749,2478
749,931
750,2929
750,1550
750,1262
750,2859
751,1685
751,941
751,1784
751,1049
752,2619
752,908
752,958
752,3116
752,2886
753,838
753,2104
753,3214
753,1447
753,2732
754,1952
754,775
754,1140
755,1205
755,1608
755,2012
755,2300
755,1866
755,2682
755,815
756,2411
756,1262
756,1342
756,3056
756,3166
757,2910
757,1124
757,2030
758,1300
758,3112
758,2649
758,2890
758,2286
758,2271
759,3063
759,2633
760,2963
760,2452
760,2166
760,2184
761,2759
761,1997
761,3021
761,797
761,863
761,2973
762,2454
762,939
762,2283
762,1663
762,1758
762,2264
763,1673
763,1589
763,2245
763,2085
764,2251
764,1084
764,1672
764,1910
765,3051
765,1450
765,1234
765,2152
765,2545
766,2330
766,1094
766,1942
766,2636
766,1588
766,2121
766,1463
766,2418
767,1737
767,2676
767,1921
767,1247
768,1141
768,776
768,918
768,2627
768,921
769,902
769,1755
769,774
770,1534
770,812
770,2667
770,1728
770,3006
771,3082
771,853
771,1451
771,2436
771,1204
771,2124
772,1889
772,2858
772,2135
772,1913
773,969
773,1778
773,1059
773,1442
774,2778
774,1340
774,1755
774,1019
774,1610
774,2002
775,2621
775,1952
775,1315
775,1140
776,3075
776,1579
776,1141
776,2821
776,921
777,2824
777,1955
777,952
777,2979
777,1809
778,2131
778,1980
778,3046
779,3068
779,2035
779,1858
779,1605
779,1854
779,1253
780,1081
780,2546
780,1339
780,902
780,2778
781,2894
781,877
781,1063
781,2781
781,2829
782,2817
782,2004
782,2503
782,2578
782,1803
782,2563
783,1535
783,2981
783,1886
783,2161
783,1978
784,2284
784,1359
784,2225
784,1506
784,2595
787,1260
787,1365
787,2581
787,1164
789,2707
789,2001
789,3089
789,1231
789,2753
789,1184
789,1504
790,1287
790,1010
790,2520
790,1889
791,2819
791,2071
791,2331
791,3193
791,2279
791,2855
791,1487
792,1493
792,2417
792,1369
792,3189
793,2097
793,1355
793,2705
793,1242
793,2574
793,895
793,3121
794,1806
795,2242
795,2078
795,2725
795,1427
795,1629
795,1429
795,2864
796,2623
796,1788
796,2621
796,1952
797,1997
797,863
797,2263
797,2977
799,2214
799,1571
799,2536
799,890
799,1021
800,1858
800,1626
801,3181
801,1482
801,1827
801,3026
802,1106
802,2119
802,2942
802,848
803,1935
803,3224
803,2410
803,1366
803,821
803,2308
804,1734
804,2310
804,3114
804,836
804,936
804,2993
806,1273
806,2955
806,2153
806,955
806,2846
806,807
807,955
807,2846
807,2984
807,878
808,2436
808,2293
808,2124
808,2400
808,1710
808,1279
809,1000
809,3009
809,1174
809,2803
809,1882
809,2719
809,1199
810,2402
810,3011
810,1585
810,2431
810,3206
810,1142
811,2201
811,2862
811,1951
811,1280
812,2667
812,898
812,3101
812,1422
813,3209
813,1918
813,2359
813,2025
814,1388
814,1048
814,2403
814,1448
815,2300
815,2682
815,1426
815,951
815,2379
816,1486
816,1849
816,3159
816,3234
816,3212
817,1775
817,1614
817,1515
817,1698
817,2037
817,1310
817,2237
818,2001
818,883
818,1852
819,1255
819,2647
819,1162
819,2432
819,2028
819,2951
820,2953
820,2805
820,2171
820,2441
821,1366
821,2308
821,2329
822,1618
822,2562
822,923
822,2474
823,2468
823,831
823,1820
823,1659
823,2137
823,2679
824,1189
824,1498
824,1586
824,2381
824,2892
825,3114
825,1480
825,1196
826,827
826,2470
826,1835
826,2335
826,1760
827,1973
827,850
827,2470
827,1835
828,1079
828,1251
828,3153
829,1953
829,3142
829,1675
829,2288
829,830
829,1160
829,2209
830,1675
830,1690
830,2544
830,1160
830,2115
831,1679
831,1215
831,1659
832,1804
832,1229
832,2264
832,3025
833,2889
833,2516
833,1833
833,880
833,2067
833,1427
834,2441
834,1362
834,1003
835,2484
835,2171
835,1391
835,2472
836,1734
836,1851
837,1147
837,2861
837,2174
837,3168
838,3219
838,2104
838,3214
839,3101
839,1738
839,903
839,3231
839,2382
839,1619
840,1245
840,3139
841,3153
842,2307
842,2680
842,2931
842,2353
842,2384
843,1903
843,2696
843,1104
843,2990
843,2681
844,1609
844,1685
844,1959
845,2376
845,2180
845,1415
845,2765
845,1008
845,2609
846,1389
846,1721
846,940
847,1303
847,1591
847,1701
847,2498
847,1843
848,1105
848,1106
848,1795
848,2591
849,910
849,2389
849,1731
849,2216
850,2336
850,2247
850,1973
850,2470
851,1971
851,1039
852,2989
852,1364
852,2555
852,2086
853,1380
853,2982
853,2983
853,3082
853,1451
854,2740
854,2027
855,1813
855,3179
855,3058
855,2584
855,2307
856,2032
856,1685
856,3034
856,941
857,2513
857,2918
857,2663
857,2041
857,1591
857,1356
858,914
858,901
858,2118
858,2199
858,3182
858,1829
859,1569
859,1034
859,991
859,1210
859,2891
860,2844
860,1372
861,1845
861,2126
861,1058
861,2283
862,1076
863,2973
863,2263
864,2487
864,2454
864,1719
864,1923
864,1758
865,1818
865,1832
865,2535
865,1298
866,2482
866,2693
867,2443
867,2016
867,1012
867,1068
867,2449
868,2631
868,2204
868,1221
868,1769
868,2630
869,1528
869,921
869,1045
869,2921
869,916
870,2779
870,1474
870,1644
870,2100
871,1324
871,1206
871,1891
871,1273
871,2955
872,2006
872,2489
872,906
872,1623
872,1357
872,1023
873,1754
873,3087
873,1340
873,2037
873,2176
873,1019
874,2276
874,2966
874,2900
874,1344
874,1350
874,2240
876,1756
876,3161
876,1410
876,3098
877,2005
877,2959
877,2894
877,1546
878,2984
878,1490
878,1939
878,2232
879,1460
879,1366
879,2329
879,1862
879,2344
879,2032
880,1833
880,1209
880,2067
881,2877
881,2178
881,2967
881,1961
881,1143
882,911
882,2734
882,2186
882,2551
882,1240
882,2206
882,1824
883,1791
883,1992
883,2254
883,2001
883,1965
884,2679
884,3044
884,2647
884,2605
885,1165
885,2024
885,2924
885,2108
886,1096
886,1516
886,2615
886,1173
886,2820
887,2630
887,1846
887,2889
887,2971
887,2516
888,1778
888,1201
888,1187
888,2540
888,1442
888,1777
890,1547
890,2536
890,1021
890,1917
890,1654
891,2322
891,2606
891,1085
891,2508
892,2043
892,1809
892,1569
892,2024
893,1626
893,2837
893,2256
893,2532
894,2595
894,3152
894,1745
894,1318
895,1242
895,2574
895,2059
896,2207
896,920
896,3215
897,3225
897,987
897,3064
897,2450
897,2643
898,3101
898,1422
898,1014
899,2863
899,1716
899,1514
899,3031
899,1266
899,2928
899,1332
900,2269
900,1488
900,2445
900,1648
900,1267
901,2689
901,914
901,1382
901,2118
902,1339
902,2778
902,1755
903,1738
903,1544
903,1073
903,3006
903,1403
903,3231
906,1966
906,2006
906,1732
906,1147
906,1623
906,2853
907,1044
907,1190
907,2332
907,2469
907,2647
907,1162
908,1237
908,2619
908,2228
908,958
909,3058
909,2322
910,2553
910,1105
910,1795
911,1225
911,3148
911,2734
911,2591
911,2186
912,3168
912,1741
912,3205
912,1604
912,2645
913,2371
913,1076
913,2732
913,2954
914,2597
914,2399
914,2689
914,2062
914,3182
915,1043
916,1528
916,2583
916,2921
917,1263
917,2010
917,1194
917,1987
917,1136
917,2899
918,2233
918,1141
918,2627
919,1404
919,1670
920,1926
920,1890
921,2627
921,1045
922,2670
922,1813
922,3179
922,2120
923,1644
924,1893
924,1110
924,3017
924,1381
924,2566
924,2571
925,2040
925,1830
925,1566
925,1765
925,2314
925,1946
926,2796
926,2400
926,1669
927,3204
927,1011
929,2415
929,1006
929,2544
929,1364
930,2747
930,2358
930,1229
930,1606
930,2231
931,2142
931,2478
931,2320
932,2871
932,2947
933,2965
933,2818
933,1243
933,2769
933,2684
934,957
934,938
934,1321
934,2460
934,2657
934,1078
935,2983
935,2461
935,1354
935,1067
935,2788
935,2505
936,1017
936,2993
936,2483
937,1702
938,1176
938,1523
938,957
938,3233
938,1321
938,2671
939,1563
939,2952
939,2283
939,1663
940,3096
941,1685
941,3034
941,2618
941,1784
942,1247
943,1933
943,2922
943,1173
944,1014
944,1055
944,3069
945,2700
945,2547
945,2440
946,2947
946,3095
946,1032
946,2406
946,1692
947,1891
947,1548
947,2903
947,2153
947,2846
947,1781
948,2170
948,1714
948,2920
948,2526
949,2138
949,2999
949,1539
949,1323
950,2875
950,1509
950,1485
950,1648
951,2300
951,1426
951,1933
951,2379
951,1874
952,963
952,1955
952,1612
952,2979
953,2471
953,1246
954,2438
954,1099
954,2196
954,2147
954,2677
954,2154
954,2542
955,2955
955,2130
955,3216
955,1484
957,1176
957,2274
957,1413
957,2460
958,2228
958,1120
958,3116
959,2151
959,1090
959,3036
960,1220
960,1224
960,2204
961,1636
961,1138
961,3079
961,1687
961,1989
961,1022
963,2810
963,3141
963,1955
963,1612
964,2838
964,2554
964,3192
964,1776
964,2092
967,1941
967,1721
967,1094
967,3038
968,2671
968,1260
968,2259
968,2522
968,2581
969,2977
969,2262
969,1779
969,3099
969,1778
969,1059
971,2956
971,1309
971,3088
971,1001
971,975
972,988
972,985
972,2483
972,2139
972,1680
972,1358
973,1093
973,2211
973,989
973,2774
973,1408
973,1653
974,2121
974,1463
974,2800
974,2588
975,1309
975,1001
975,1024
975,1991
975,3169
975,1153
976,1396
976,1397
976,1392
976,1030
977,1343
977,1151
977,2238
977,3203
978,2158
978,1768
978,1169
978,1168
978,2620
979,1108
979,1634
979,2363
979,1827
979,2763
979,1050
980,2927
980,2018
980,1080
980,3109
980,1469
981,2348
981,2325
981,2937
981,2412
982,2941
982,1791
982,2485
982,1965
982,2744
983,1875
983,2455
983,3160
983,1768
984,1347
984,3072
984,2664
984,2218
984,2430
984,1044
985,2106
985,1017
985,1652
985,988
985,2483
986,3102
986,1639
986,2637
986,1508
986,1842
987,3225
987,1735
987,2643
987,2727
987,2464
988,1616
988,1652
989,2802
989,1022
989,2517
989,2774
990,1175
990,2838
990,2834
990,1519
991,2924
991,2109
991,1740
992,1907
992,3029
992,1605
992,1854
992,2486
992,1092
993,2131
993,1747
993,1065
993,3043
993,2817
993,2004
993,1378
994,1546
994,2058
995,2973
995,1346
995,2988
995,2961
995,1999
996,2094
997,1050
997,1312
997,1368
997,1664
997,1088
998,2782
998,3107
999,1418
999,2419
999,2706
999,3122
999,2768
999,2388
999,1130
999,2408
1000,2760
1000,3009
1000,1174
1001,3088
1001,1024
1001,1932
1002,2026
1002,2357
1002,1269
1002,1935
1002,3224
1003,1362
1003,3055
1003,3047
1004,1281
1004,3106
1004,1559
1004,3068
1004,2035
1004,3029
1005,2969
1005,1548
1005,2148
1005,2903
1005,1031
1006,2989
1006,1364
1007,2535
1008,2376
1008,2609
1008,1431
1008,3096
1008,1655
1009,1756
1009,1861
1009,2590
1009,1568
1010,1868
1010,1720
1010,1287
1010,1567
1010,2520
1011,3204
1011,2016
1011,1012
1012,2016
1012,2449
1013,2333
1013,3164
1013,1131
1013,1400
1014,1422
1014,1055
1015,1436
1016,1532
1016,2343
1016,1460
1016,1953
1016,1481
1016,1862
1017,2318
1017,2313
1017,2106
1017,2483
1018,2728
1018,1925
1018,2170
1018,1289
1018,2531
1018,2128
1019,1340
1019,2176
1019,1610
1020,2756
1020,1254
1020,1564
1020,1526
1020,1996
1020,2061
1020,2558
1021,1571
1021,2480
1021,1917
1021,1654
1022,1636
1022,3037
1022,2802
1023,1623
1023,1483
1023,2066
1023,1357
1023,1388
1024,1991
1024,1932
1024,2536
1025,2114
1025,2729
1025,1656
1025,2172
1025,2356
1025,3100
1026,3169
1026,2598
1026,1475
1026,2241
1026,3170
1027,2328
1027,2593
1027,2742
1027,1471
1027,2151
1028,1525
1028,2602
1028,1230
1028,1934
1029,2492
1029,1733
1030,1397
1030,2452
1030,3219
1030,2184
1030,2371
1031,2903
1031,1149
1031,2592
1031,2268
1032,2406
1032,1692
1033,1218
1033,2624
1033,1807
1033,2514
1034,2479
1034,1569
1034,3117
1034,1894
1034,2622
1035,3205
1035,1604
1035,1401
1035,1693
1036,1061
1036,2780
1036,1799
1036,2249
1037,1967
1037,1873
1038,1414
1038,2069
1038,2827
1038,1455
1038,2042
1038,1122
1039,1232
1040,1606
1040,2146
1041,3115
1041,1936
1041,2138
1041,1829
1041,1314
1041,2999
1042,2622
1042,1117
1043,2919
1043,2917
1043,1640
1043,3163
1043,3090
1044,2664
1044,2430
1044,1190
1044,1650
1044,2469
1045,1552
1045,3069
1045,2627
1045,2921
1046,3041
1046,2281
1046,1943
1046,1449
1046,2313
1047,2476
1047,2444
1047,1804
1047,2747
1048,2961
1048,1477
1048,1388
1048,2743
1048,2403
1048,2468
1049,1818
1049,1557
1049,1298
1050,1827
1050,1938
1050,2763
1050,1051
1050,1312
1050,1664
1051,1938
1051,2434
1051,1312
1052,2528
1052,2119
1052,2942
1053,1589
1053,2085
1053,3185
1053,1091
1053,1887
1053,1908
1054,1443
1054,1098
1054,2997
1054,2653
1054,1119
1054,2319
1055,1552
1055,3069
1055,2627
1056,1127
1056,1411
1057,2379
1057,1874
1057,2820
1057,1203
1057,3150
1057,1724
1058,2126
1058,2952
1058,2283
1059,3099
1059,1778
1059,2976
1060,1764
1060,3059
1060,1765
1060,1766
1061,1272
1061,2393
1061,2191
1061,2780
1062,1212
1062,2349
1062,3094
1062,2635
1062,1458
1063,3217
1063,2894
1063,1537
1063,2501
1063,2781
1064,2741
1064,3012
1064,2055
1065,2699
1065,2131
1065,1747
1065,1278
1065,1378
1066,3017
1066,1417
1066,2101
1066,1688
1067,2983
1067,1451
1067,2505
1067,2293
1068,2767
1069,1126
1069,1499
1069,3003
1070,1217
1070,2559
1070,1167
1071,3160
1071,1206
1071,2130
1071,3216
1072,1912
1072,3051
1073,1544
1073,1982
1074,2842
1074,2839
1074,2916
1074,2478
1074,3000
1074,2624
1075,2611
1075,1326
1075,2585
1075,1921
1076,2184
1076,2371
1076,2954
1077,1501
1077,1590
1077,2760
1077,2828
1078,1321
1078,2657
1078,1658
1078,3111
1078,1260
1079,2651
1079,1251
1080,1380
1080,1469
1080,1806
1080,2192
1081,1917
1081,1654
1081,3135
1081,2546
1081,1339
1081,1334
1082,2046
1082,2652
1082,1118
1082,2014
1082,2843
1082,2287
1083,1836
1083,3201
1083,2145
1083,2348
1083,2937
1084,2129
1084,1558
1084,2251
1084,1672
1084,2025
1085,2322
1086,2761
1086,2995
1086,2929
1086,2886
1086,1550
1086,1684
1087,2317
1087,1681
1087,2310
1087,2849
1087,3114
1088,1664
1088,2048
1088,2043
1089,3049
1089,1810
1089,2491
1089,1985
1090,3036
1090,2600
1090,1708
1090,1556
1090,2934
1091,3185
1091,1908
1091,1512
1091,2049
1091,1145
1092,1907
1092,1132
1092,2486
1093,1828
1093,2211
1093,1408
1093,2003
1093,1157
1094,1692
1094,2477
1094,2330
1094,1588
1095,3221
1095,3193
1095,2857
1095,2855
1096,1752
1096,2922
1096,1730
1096,1516
1096,1173
1097,2634
1097,2084
1097,1193
1097,1746
1097,1275
1098,2298
1098,1443
1098,2997
1099,2438
1099,1748
1099,2196
1101,1657
1101,2420
1101,2626
1101,2470
1101,1835
1103,3046
1103,1278
1103,2421
1103,1575
1103,1561
1104,2696
1104,3103
1104,2990
1105,2553
1105,1106
1105,1795
1106,2119
1107,1421
1107,3013
1108,2389
1108,2552
1108,1625
1108,1634
1108,2215
1109,2591
1109,1824
1109,2994
1109,2813
1110,2013
1110,3017
1110,1417
1111,2769
1111,2684
1111,1205
1111,1810
1111,2012
1112,1672
1112,1910
1112,2025
1112,2614
1112,2212
1113,2856
1114,2287
1114,1853
1114,1521
1114,1505
1114,1808
1115,2698
1115,1722
1115,2912
1115,2962
1116,2383
1116,2230
1116,2863
1116,2475
1117,1877
1117,1670
1118,2229
1118,1919
1118,2046
1118,2652
1119,2997
1119,1434
1119,2319
1119,2476
1120,1316
1120,2228
1120,2719
1120,1199
1120,3116
1120,2182
1120,3210
1121,1846
1121,3227
1121,1376
1121,2730
1121,1308
1122,2042
1122,2350
1122,3075
1123,1599
1123,2108
1123,2658
1123,3191
1123,1492
1124,1611
1124,2910
1124,2292
1124,2030
1125,1596
1125,3061
1125,1499
1125,1893
1125,1163
1125,1700
1125,2959
1126,1886
1126,2161
1126,2193
1126,1172
1127,2098
1127,2051
1128,2990
1128,3080
1128,2681
1128,2756
1128,3066
1128,2428
1128,1564
1129,1416
1129,3045
1129,1245
1130,2768
1130,1590
1130,2408
1130,2814
1131,3164
1131,2375
1131,2836
1131,1400
1131,1518
1132,1907
1132,2494
1132,2672
1133,2949
1133,1348
1133,1633
1133,3159
1134,2356
1134,3100
1134,1187
1134,1924
1134,2540
1134,2173
1135,2373
1135,3077
1135,3225
1135,1735
1136,1263
1136,2010
1136,1459
1136,2899
1136,3147
1137,1325
1137,1960
1137,2445
1137,3023
1137,1361
1138,1648
1138,2289
1138,2404
1138,1333
1138,3079
1138,1687
1139,2342
1139,2203
1139,2494
1139,1695
1139,1180
1139,2672
1139,3092
1140,1315
1140,1507
1140,2150
1141,2870
1141,1579
1142,1585
1142,3206
1142,3188
1142,3134
1142,1252
1142,1263
1142,2010
1143,2967
1143,3077
1143,3225
1143,3064
1145,1512
1145,1603
1145,2049
1145,2257
1145,1246
1146,1987
1146,2899
1146,1155
1146,1900
1146,2926
1146,2076
1147,1732
1147,2853
1147,2861
1148,1513
1148,3028
1148,2649
1148,2915
1148,2792
1148,1464
1149,2032
1149,3034
1149,2592
1150,1308
1150,3202
1150,2660
1150,2538
1150,2060
1151,1343
1151,3063
1151,3203
1152,1425
1152,2322
1152,2353
1153,1309
1153,3169
1153,2598
1154,2771
1154,2033
1154,2070
1155,2899
1155,3147
1155,1615
1155,1900
1156,1954
1156,1730
1156,1516
1156,2034
1156,1956
1157,1408
1157,2003
1157,3113
1158,2891
1158,2495
1158,2000
1158,3200
1158,2904
1159,2155
1159,1767
1159,2556
1160,2115
1160,2209
1160,1713
1161,1697
1161,3071
1162,2469
1162,1255
1162,2647
1163,1893
1163,1381
1163,3232
1163,1700
1163,2959
1164,2581
1164,2652
1164,2014
1164,2036
1165,1372
1165,2024
1165,1599
1166,2045
1166,2046
1166,1867
1166,2843
1167,1217
1167,1581
1167,2205
1167,1746
1168,2249
1168,1169
1168,1800
1169,1799
1169,2158
1169,2249
1170,1782
1170,2641
1170,2372
1170,2346
1170,2189
1171,1906
1171,3033
1171,1596
1171,3061
1172,2193
1172,1749
1173,2922
1173,2820
1174,2760
1174,2828
1174,2803
1175,2834
1176,2274
1176,1523
1177,2766
1177,2515
1177,2897
1177,1377
1177,1937
1178,2105
1178,2523
1179,2977
1180,1695
1180,2415
1180,3092
1181,2107
1181,2970
1181,1522
1181,2669
1181,2523
1181,1541
1181,2665
1183,2683
1183,2297
1183,2940
1183,2601
1183,1284
1184,1231
1184,2753
1184,2770
1185,2437
1185,1671
1185,1207
1185,2088
1186,2793
1186,2731
1186,2980
1186,3145
1186,2572
1186,2870
1187,2172
1187,2356
1187,1201
1187,2540
1188,1710
1188,1903
1188,3190
1188,3080
1188,1774
1189,2944
1189,1498
1189,1586
1190,1820
1190,3044
1190,2332
1190,2647
1191,2931
1191,1359
1191,2888
1192,2367
1193,2084
1194,1823
1194,2608
1194,2340
1194,1987
1195,2826
1195,2700
1195,2207
1195,3215
1196,1270
1196,1702
1196,1250
1197,1683
1197,2312
1197,2674
1197,1525
1198,1301
1198,2639
1198,2023
1198,1930
1198,1759
1199,1882
1199,2719
1199,2182
1200,2215
1200,1307
1200,1495
1200,2813
1200,2762
1200,1430
1201,2172
1201,1778
1203,2820
1203,3150
1203,2459
1204,2124
1204,2986
1204,2796
1205,2684
1205,2560
1205,1608
1205,2012
1206,1324
1206,2955
1206,2130
1207,1671
1207,2785
1207,1436
1207,2088
1208,2753
1208,1504
1208,2869
1208,2337
1209,2698
1209,2067
1210,2891
1211,2910
1211,2915
1211,2792
1211,1819
1212,3075
1212,2110
1212,1580
1212,1976
1212,3094
1213,1489
1213,1896
1214,2428
1214,1871
1214,1564
1214,1996
1214,1587
1214,1898
1214,2079
1215,1679
1215,3207
1215,1659
1216,2521
1216,2163
1216,2255
1216,1349
1217,1328
1217,2634
1217,1746
1218,3000
1218,2624
1218,1807
1219,1373
1219,2469
1219,1255
1219,2951
1220,1719
1220,1822
1220,2804
1220,1224
1220,2261
1221,2204
1221,3120
1221,2630
1221,2167
1222,2200
1222,2179
1222,1986
1223,1305
1223,2426
1223,1834
1224,2204
1224,2261
1224,1761
1224,1718
1225,1840
1225,2942
1225,2038
1225,3148
1226,2080
1226,2190
1226,1975
1226,1974
1227,2372
1227,2189
1227,2687
1228,2087
1228,2632
1228,2275
1229,1804
1229,2231
1229,2833
1230,1934
1230,2296
1230,2594
1231,3089
1231,2054
1231,2770
1232,2195
1232,2720
1232,3125
1233,1867
1233,1743
1233,1521
1233,1808
1233,1472
1234,2152
1235,1473
1235,2849
1235,1715
1235,1735
1235,1270
1236,2772
1236,1856
1236,1560
1237,1981
1237,2619
1237,2909
1237,2228
1238,3151
1238,2670
1240,2551
1240,2206
1242,1355
1242,2112
1242,2059
1243,2818
1243,2504
1243,1876
1243,2769
1243,2684
1243,2560
1245,1416
1246,2257
1247,1921
1248,3053
1248,1727
1248,2806
1248,2729
1248,1656
1249,1870
1249,1502
1249,2708
1249,2506
1249,2413
1250,1270
1250,2727
1250,1702
1250,2746
1250,2208
1250,2367
1251,2551
1251,2206
1252,3134
1252,2055
1252,1263
1252,1459
1253,1858
1253,1854
1253,2532
1253,2486
1253,2628
1254,1297
1254,2756
1254,1613
1254,1526
1255,2469
1255,2951
1256,1566
1256,2711
1256,1489
1256,2314
1256,1964
1256,2008
1257,2388
1257,2408
1257,2623
1257,2913
1258,2100
1258,2397
1258,1618
1258,1329
1258,2562
1259,3114
1259,2650
1259,2993
1259,2483
1259,1680
1259,1480
1259,1299
1259,1677
1260,3111
1260,2593
1261,2640
1261,1909
1262,2929
1262,2411
1262,3166
1262,2859
1262,1983
1263,2010
1263,1459
1264,2074
1265,1545
1265,2020
1265,1696
1266,3031
1266,2693
1266,2928
1266,3230
1266,3143
1267,2445
1267,1648
1267,1333
1267,1300
1268,1466
1268,2188
1268,2850
1268,1796
1268,2102
1269,2429
1269,1722
1269,1660
1269,3224
1270,2849
1270,1715
1270,1735
1270,2727
1272,2533
1272,2783
1272,2224
1272,2393
1273,1891
1273,2955
1273,2153
1274,1883
1274,2341
1274,1850
1275,2205
1275,1746
1275,2234
1275,1972
1277,1377
1277,2565
1277,3008
1277,2714
1278,3046
1278,1378
1278,1575
1279,2400
1279,1710
1279,2463
1279,3085
1280,3229
1280,2862
1280,2395
1281,2235
1281,2816
1281,3065
1281,3133
1281,2579
1281,3106
1281,3029
1283,2534
1283,1383
1283,1502
1283,3062
1284,2601
1284,3129
1284,2883
1285,3132
1285,2738
1285,1573
1286,3124
1286,3001
1286,2339
1287,1868
1287,1847
1288,1633
1288,3159
1288,2809
1289,2531
1289,2128
1289,1927
1290,2094
1290,1869
1290,2265
1290,2807
1290,1348
1291,2265
1291,2549
1291,3053
1291,2114
1291,2729
1292,2023
1292,2900
1292,1759
1292,1344
1292,3002
1293,2351
1293,2093
1293,2529
1293,2460
1293,2550
1294,1424
1294,1562
1294,1584
1294,2642
1295,2142
1295,2717
1295,3014
1296,3012
1297,1774
1297,2756
1297,1613
1298,1818
1298,2535
1298,1855
1299,1480
1299,2094
1299,1677
1299,2807
1300,1333
1300,3112
1300,2890
1301,2239
1301,3228
1301,1949
1301,3070
1301,2639
1301,2023
1302,2465
1302,1553
1302,2447
1303,2136
1303,3138
1303,1812
1303,2031
1303,2629
1303,1591
1303,1701
1304,1410
1304,3098
1304,2590
1304,3040
1304,2077
1305,2426
1306,3152
1306,1745
1306,2050
1306,2733
1307,1731
1307,2216
1307,2215
1307,2813
1308,2730
1308,2607
1308,2354
1308,3202
1309,2956
1310,1698
1310,2237
1311,2361
1311,3047
1311,1699
1312,2723
1312,1368
1313,2225
1313,2198
1313,1318
1314,1829
1314,2999
1314,2471
1314,1363
1315,1686
1315,1507
1315,1873
1316,2228
1316,2719
1317,3172
1317,2526
1318,2225
1318,3152
1318,2198
1318,2169
1319,3090
1319,2799
1319,2104
1321,3233
1321,2671
1322,2022
1322,2936
1322,2253
1322,2075
1322,2366
1323,2999
1323,1539
1323,2927
1323,3109
1324,1429
1324,2864
1324,3195
1325,2394
1325,1887
1325,1488
1325,1960
1325,2445
1326,2028
1326,2168
1326,2611
1326,2585
1327,2687
1327,3057
1328,3229
1328,2395
1328,2634
1329,2500
1329,2726
1329,2397
1330,2772
1330,2141
1330,2512
1330,1856
1330,2093
1330,2841
1331,3023
1331,2257
1332,2928
1332,1892
1333,1648
1333,2890
1333,1687
1333,2286
1334,1917
1334,3135
1334,1339
1334,2241
1334,3170
1334,2776
1335,2047
1335,1531
1335,2031
1336,1399
1336,2919
1336,3213
1336,1396
1337,2639
1337,2880
1337,1930
1337,1759
1337,1838
1337,3002
1337,1739
1338,2904
1338,2880
1338,1384
1338,1351
1338,1527
1339,2776
1339,1726
1340,1754
1340,3087
1340,2778
1340,2176
1341,1401
1341,2409
1341,2446
1341,2267
1341,2375
1342,2441
1342,1362
1342,1391
1342,2411
1342,2472
1342,3056
1343,2384
1344,2900
1344,3002
1344,2240
1345,2961
1345,1999
1345,3099
1345,2277
1345,2743
1346,2489
1346,2996
1346,1478
1346,2856
1346,2961
1347,2369
1347,3072
1347,2218
1348,2265
1348,2807
1348,2949
1348,1633
1348,2549
1349,2255
1349,1963
1349,1834
1349,1889
1349,2858
1350,2240
1351,2880
1351,1838
1351,1527
1352,1572
1352,2712
1352,2248
1352,2586
1352,1876
1352,2560
1353,2717
1353,3014
1353,1419
1354,2461
1354,2569
1354,2788
1354,2577
1355,2705
1356,1591
1356,2498
1356,1510
1356,2280
1357,2489
1357,2856
1357,1477
1357,1388
1358,1680
1358,1902
1358,2941
1358,2485
1359,2284
1359,2888
1359,1506
1360,1635
1360,1914
1360,2127
1361,2445
1361,3023
1361,2830
1361,1513
1362,2441
1363,2999
1363,2471
1363,2927
1363,2018
1364,2989
1364,2544
1364,2115
1365,2742
1366,1460
1366,2329
1367,2380
1367,2901
1368,2723
1369,1631
1369,2802
1369,2417
1369,3189
1369,2338
1369,2517
1370,2822
1370,1879
1370,1736
1370,2838
1370,2834
1371,3153
1371,1520
1371,2842
1372,1666
1372,2844
1373,2435
1373,2451
1373,1650
1373,2469
1373,2950
1374,2833
1374,2465
1374,1742
1375,1619
1375,2368
1376,1920
1376,3120
1376,2167
1376,1846
1376,3227
1377,2224
1377,1937
1377,2565
1377,2143
1378,2817
1378,2578
1378,1575
1378,2797
1379,2893
1379,2620
1379,1651
1379,1453
1380,1469
1380,2982
1380,2192
1380,3082
1381,1893
1381,3232
1381,2566
1382,2735
1382,1589
1382,2689
1382,3185
1383,2543
1383,3130
1383,2534
1383,1783
1383,3062
1384,1895
1384,1522
1384,1541
1384,1527
1384,2884
1385,2299
1385,2896
1386,1575
1386,1561
1386,1597
1386,1649
1387,2252
1387,2791
1387,1676
1387,2790
1387,1622
1387,3128
1388,1477
1389,2407
1389,2847
1389,3096
1389,1721
1390,2185
1391,3175
1391,2411
1391,2472
1392,1398
1392,1394
1392,1395
1392,1399
1392,1396
1392,1397
1393,1400
1393,1398
1393,1395
1394,1398
1394,1399
1395,1400
1395,1398
1395,1397
1396,1399
1396,3213
1396,1640
1397,1400
1400,1518
1401,1604
1401,2409
1401,2333
1402,2526
1402,1981
1403,3231
1404,2360
1404,2848
1408,2211
1408,3113
1408,1653
1408,1763
1408,2932
1409,2898
1409,3076
1409,3048
1409,2273
1409,1455
1409,2272
1409,2422
1409,2042
1409,2423
1410,3098
1411,2604
1411,2810
1411,1694
1412,2654
1412,1970
1412,1523
1412,3233
1412,1844
1413,2841
1413,2529
1413,2274
1413,2460
1414,1620
1414,2892
1414,2069
1414,1865
1414,2273
1414,1455
1415,1705
1415,2493
1415,2180
1415,1837
1415,2765
1416,3067
1416,3045
1417,2112
1417,2059
1417,2013
1417,3017
1418,2557
1418,2419
1418,2555
1418,2388
1419,3014
1419,2301
1419,1562
1420,2296
1420,2784
1420,2594
1420,3123
1420,2533
1420,2783
1421,2096
1421,1770
1421,1494
1421,2304
1421,3013
1422,2233
1422,1753
1423,2398
1423,2415
1423,1899
1424,2524
1424,1785
1424,2642
1425,2584
1425,2322
1425,2353
1426,2659
1426,2300
1426,3050
1426,2704
1427,2516
1427,2242
1427,2078
1427,2067
1427,1629
1428,1733
1428,3186
1428,2056
1429,2912
1429,1629
1429,2864
1429,3195
1430,2813
1430,2762
1430,1705
1430,2493
1430,2180
1431,1723
1431,1655
1432,2227
1432,3176
1432,3014
1432,1562
1433,2320
1433,2227
1433,2514
1433,3176
1434,2997
1434,2851
1434,2497
1434,2476
1436,3226
1436,2785
1436,1899
1437,3232
1437,1627
1437,1546
1437,2058
1437,2147
1438,2052
1438,2101
1438,3218
1438,2569
1441,1945
1441,2866
1441,2105
1441,2902
1441,2964
1441,2091
1442,1778
1442,1777
1442,1679
1443,2298
1443,2324
1443,2653
1444,2882
1444,3229
1444,2726
1444,1805
1445,1998
1445,2439
1445,1863
1445,2427
1445,1461
1446,2636
1446,2381
1446,2892
1446,2121
1446,2069
1447,2104
1447,2019
1447,3022
1447,3196
1448,1988
1448,2403
1448,3072
1448,2467
1449,1653
1449,2281
1449,1763
1449,2932
1449,2823
1449,2318
1449,2313
1450,3051
1450,2646
1450,2731
1451,2983
1451,2436
1451,2293
1452,2030
1452,2482
1453,1651
1454,2877
1454,1961
1454,2822
1454,1879
1454,1896
1454,1860
1455,2273
1455,2042
1456,3189
1456,2095
1456,1962
1456,3059
1458,2635
1458,2722
1458,2096
1459,2055
1459,3147
1460,1641
1460,1532
1460,1862
1461,1863
1461,2290
1461,1671
1463,2121
1463,2418
1463,2466
1463,2588
1464,2649
1464,2792
1464,2271
1464,2383
1465,1796
1465,2579
1465,2102
1465,3106
1465,1559
1466,1772
1466,2154
1466,2188
1467,2703
1467,1747
1467,2502
1467,3043
1468,2604
1468,2175
1468,2236
1468,2824
1469,3109
1469,3016
1469,2982
1470,1696
1470,2871
1471,2328
1471,1678
1471,2151
1471,2651
1472,1808
1472,1683
1474,2396
1474,1644
1475,1657
1475,2598
1475,2420
1475,3170
1476,1931
1476,2481
1476,2370
1476,2433
1476,2347
1477,2856
1477,1479
1477,2961
1478,2996
1479,2856
1480,3114
1480,2650
1480,2094
1481,1953
1481,1862
1481,2344
1481,2099
1481,2209
1482,1827
1482,3026
1482,2311
1482,1947
1483,1623
1483,2853
1483,2861
1483,2066
1484,3216
1484,2713
1484,2685
1485,2072
1485,1509
1485,2457
1485,1648
1485,2289
1486,2327
1486,1849
1486,3212
1487,2855
1488,2144
1488,2269
1488,2394
1488,2445
1489,2711
1489,2008
1490,2232
1490,2685
1491,2934
1491,1689
1491,2302
1492,3191
1492,2777
1492,2306
1493,2424
1493,1631
1493,1904
1493,2417
1493,2710
1494,2722
1494,1528
1494,2096
1495,2215
1495,2376
1495,2762
1496,2466
1496,2009
1496,2588
1496,2808
1496,2752
1497,1821
1497,2315
1498,3086
1498,2636
1498,2381
1499,3061
1499,3003
1499,1893
1501,2576
1501,2768
1501,1590
1502,2534
1502,2692
1502,3062
1502,2708
1503,3124
1503,2090
1503,3001
1503,1574
1503,3089
1503,2054
1504,2001
1504,2753
1505,1853
1505,2036
1505,1708
1505,1808
1505,3030
1505,1556
1506,2888
1506,2595
1507,2150
1507,1873
1508,2637
1508,2152
1508,1842
1509,1811
1509,2072
1509,2875
1510,1635
1510,1914
1510,2280
1512,2118
1512,1603
1513,2830
1513,3028
1513,3112
1513,2649
1514,1819
1514,2030
1514,2863
1514,3031
1515,1775
1515,1754
1515,3054
1515,2037
1516,1730
1516,2615
1516,1956
1518,2836
1518,3157
1519,2838
1519,1776
1519,3097
1519,2968
1520,2883
1520,3153
1520,2842
1521,1867
1521,2843
1521,2287
1522,2970
1522,2795
1522,1895
1522,2669
1522,1541
1523,3233
1524,3025
1524,2465
1524,1553
1525,2312
1525,2674
1525,2602
1525,3227
1526,1613
1526,2925
1526,1998
1526,2427
1526,2558
1527,2884
1528,2722
1528,2694
1529,2109
1529,2239
1529,3228
1530,2908
1530,1979
1530,2914
1530,2490
1530,2613
1531,1958
1531,2047
1531,1826
1531,3136
1532,2948
1532,1641
1533,2367
1533,2114
1533,1703
1533,3020
1534,2854
1534,2057
1534,1674
1534,1728
1535,1977
1535,2981
1536,1748
1536,2577
1537,2501
1537,2781
1537,1771
1537,2829
1537,2997
1538,2543
1538,3131
1538,2739
1538,2534
1539,3109
1540,2852
1540,1915
1541,2884
1544,2616
1544,1792
1544,1728
1545,2206
1545,1824
1545,2812
1545,2020
1545,1696
1546,3232
1546,1627
1546,2959
1546,2058
1547,1991
1547,2536
1547,1917
1547,2241
1548,2969
1548,1891
1548,2903
1549,2314
1549,1964
1549,1946
1549,2008
1549,2178
1549,2967
1550,2929
1550,1684
1551,2857
1551,2878
1551,2107
1551,2970
1552,3069
1552,2627
1553,3025
1553,2465
1554,3063
1554,3203
1554,1645
1554,3154
1554,2673
1554,2960
1555,2672
1555,2840
1555,2343
1555,1675
1555,2288
1556,1708
1556,3030
1556,2934
1557,2123
1557,2998
1558,2111
1558,2129
1558,2603
1558,3209
1558,2251
1558,2025
1559,2102
1559,2146
1559,3106
1559,3068
1560,1856
1560,2351
1560,2528
1561,2421
1561,1575
1561,1621
1561,2243
1562,3176
1562,3014
1562,1584
1563,1864
1563,2165
1563,2952
1564,2756
1564,2428
1564,1996
1565,3099
1566,2040
1566,2133
1566,2711
1566,2314
1567,3113
1567,1720
1567,2932
1567,2823
1567,2520
1567,1901
1568,1861
1568,1662
1568,2678
1568,1775
1569,2043
1569,2024
1571,3004
1571,2214
1571,3073
1571,2480
1572,1784
1572,2712
1572,2248
1573,1870
1573,2575
1573,2374
1574,3001
1574,3131
1574,2054
1574,2691
1575,2578
1575,2797
1575,1649
1576,2196
1576,2295
1576,2987
1577,1939
1577,2232
1577,2111
1578,2301
1578,2741
1578,2721
1579,3075
1579,2870
1580,2800
1580,2110
1580,2349
1581,1993
1581,2205
1581,3035
1581,2541
1581,2183
1582,2111
1582,2603
1583,1898
1583,2203
1583,2398
1583,1695
1584,1940
1585,3010
1585,3011
1585,2721
1585,3134
1586,2524
1586,2944
1586,1785
1586,2892
1586,3220
1587,1871
1587,2496
1587,2044
1587,1898
1588,2418
1589,2735
1589,1673
1589,2085
1589,3185
1590,2768
1590,2814
1590,3091
1590,2828
1591,2513
1591,1812
1591,2498
1592,1975
1592,2860
1592,1717
1592,2011
1594,2803
1594,1882
1594,1767
1594,2556
1594,3081
1594,2779
1595,1782
1596,3033
1596,3061
1596,1700
1597,2243
1597,2298
1598,2865
1598,2527
1599,2108
1600,2019
1600,3022
1600,2352
1600,1926
1600,1890
1601,2545
1601,2980
1601,3144
1602,2910
1603,2118
1603,2199
1603,1829
1603,2471
1604,1741
1604,3205
1604,2333
1605,2035
1605,3029
1605,1854
1606,2358
1606,2146
1606,2231
1607,1841
1607,2447
1607,1833
1608,2560
1608,2300
1608,3050
1609,2099
1609,1685
1609,1959
1609,2525
1610,2176
1610,2002
1610,1982
1611,2992
1611,2292
1612,2979
1612,1757
1613,1814
1613,2925
1614,1662
1614,2678
1614,1775
1614,1911
1614,1698
1615,3147
1615,2898
1616,1901
1616,3108
1616,1652
1617,2015
1617,2834
1617,2073
1617,3067
1618,1644
1618,2562
1619,2382
1620,2892
1620,3220
1620,1865
1620,2273
1621,3127
1621,2421
1621,3110
1621,1958
1621,2243
1622,2790
1622,3128
1622,2202
1622,3060
1623,2853
1624,1716
1624,2003
1625,2389
1625,2561
1625,2552
1626,2837
1627,3232
1627,2566
1627,2571
1627,2052
1628,1810
1628,2012
1628,1866
1628,1985
1628,2908
1628,1979
1629,2067
1629,2912
1629,2864
1630,2643
1630,2117
1630,2473
1631,3037
1631,2424
1631,2802
1631,2417
1633,3159
1633,2549
1634,3181
1634,2363
1635,1914
1635,2280
1636,2033
1636,3037
1636,2424
1636,3079
1637,1654
1637,2546
1637,3040
1637,2077
1637,3087
1637,2778
1638,1647
1638,2905
1639,3102
1639,2637
1640,3213
1640,2917
1640,3090
1641,2948
1641,2357
1641,1935
1642,2788
1642,2577
1642,2511
1643,1913
1643,1791
1643,1992
1643,2737
1643,2254
1645,2238
1645,2029
1645,3203
1645,2087
1647,1897
1647,2490
1648,2875
1648,2445
1648,2289
1649,2797
1649,3217
1650,2430
1650,2435
1650,2469
1651,2713
1651,2893
1651,2685
1652,2282
1652,2106
1653,2774
1653,2281
1653,1763
1654,2480
1654,1917
1654,2546
1654,3040
1655,1723
1655,3096
1655,1697
1655,2414
1655,2479
1656,2806
1656,2729
1656,2749
1656,3100
1657,2695
1657,2598
1657,2420
1657,2626
1658,2460
1658,2657
1658,3111
1658,2328
1658,2593
1658,1678
1659,2679
1660,1722
1660,2962
1660,3224
1660,2945
1661,2447
1662,2678
1662,1775
1663,3223
1663,2316
1664,2048
1664,2043
1665,2185
1665,3208
1666,2979
1666,1757
1666,2844
1668,1906
1668,3033
1668,1803
1669,2796
1669,2867
1670,3221
1670,2878
1671,2290
1671,2437
1671,2785
1672,1910
1672,2025
1673,2735
1673,2390
1673,2690
1674,1817
1674,2057
1674,1753
1675,2672
1675,3092
1675,1690
1675,2288
1676,2252
1676,2868
1676,3128
1677,1680
1677,2807
1677,2949
1678,2460
1678,2550
1678,2328
1678,2651
1679,1777
1679,3207
1680,2483
1680,2139
1681,2849
1682,2479
1682,3117
1682,1877
1683,1808
1683,2458
1683,2312
1684,2886
1684,2625
1684,3183
1685,2099
1685,1959
1686,1855
1686,2612
1686,1967
1686,1873
1687,1989
1688,2101
1688,2461
1689,2458
1689,2312
1689,2602
1689,2302
1690,3092
1690,2544
1691,1866
1691,2682
1691,1979
1691,2303
1691,2914
1692,3178
1692,2477
1693,3205
1693,2911
1693,2222
1694,2604
1694,2810
1694,3141
1694,2236
1695,2203
1695,2415
1696,2871
1697,1787
1697,2414
1698,1911
1698,2237
1699,3047
1699,2315
1699,2481
1700,2750
1700,2005
1700,2959
1701,2629
1701,1845
1701,2939
1701,1843
1702,2208
1703,2442
1703,1997
1703,2367
1703,2226
1703,3020
1703,2977
1703,2262
1705,2493
1705,2180
1706,1725
1706,3039
1706,2056
1707,1911
1707,1909
1707,2616
1708,2036
1708,3030
1709,3107
1709,2688
1709,2580
1710,2293
1710,2511
1710,1903
1711,2913
1712,1713
1712,2686
1712,1788
1713,2115
1714,2170
1714,2920
1714,2995
1716,2863
1716,2475
1717,3057
1717,3027
1717,2011
1717,2875
1718,1761
1718,1920
1718,2674
1719,2487
1719,2804
1720,2003
1720,1868
1720,3113
1721,2847
1721,1941
1722,2698
1722,2429
1722,2962
1723,2666
1724,3150
1724,3161
1725,2738
1725,2656
1726,2776
1726,2149
1727,3053
1727,2806
1727,1925
1729,3067
1729,3045
1730,1752
1730,1954
1731,1795
1731,2216
1732,1966
1733,2492
1733,3186
1733,2056
1734,2266
1734,2317
1734,2310
1734,1851
1735,3225
1735,2727
1736,1961
1736,2822
1736,2834
1737,2166
1737,3158
1737,2676
1738,3101
1738,2923
1738,3006
1739,3002
1739,2240
1740,2109
1740,2270
1740,2239
1741,3168
1742,2837
1742,2256
1743,1867
1743,2610
1743,3052
1744,2938
1744,3173
1744,1957
1744,1919
1745,3152
1745,2050
1746,2205
1746,2634
1747,2244
1747,2703
1747,2699
1747,2131
1747,3043
1748,3218
1748,2438
1749,2112
1749,2013
1750,2588
1750,2349
1750,3149
1751,2980
1751,3145
1751,3144
1751,3018
1751,1817
1751,1753
1752,2527
1752,2922
1752,1954
1753,3145
1753,2233
1753,1817
1754,2077
1754,3087
1754,3054
1754,2037
1755,2778
1756,3098
1756,2590
1757,2979
1757,2844
1758,2454
1758,1923
1758,2530
1758,2264
1759,2023
1759,1930
1759,3002
1760,2335
1760,2509
1761,2261
1762,2950
1762,3157
1762,2963
1763,2932
1765,1766
1765,1946
1765,2373
1767,2803
1767,2556
1768,2455
1768,2158
1768,2620
1769,1841
1769,2630
1770,1839
1770,2539
1770,2096
1770,2304
1770,2378
1771,2829
1771,2943
1771,2997
1771,2851
1772,2829
1772,2943
1774,3190
1774,3080
1774,2756
1775,3054
1776,2838
1776,2092
1776,3097
1777,2953
1777,3207
1778,2262
1778,2172
1779,2263
1779,2977
1779,2988
1779,3099
1780,2654
1780,2512
1781,2903
1781,2846
1781,2984
1781,2596
1782,2449
1782,2641
1782,2372
1783,3130
1783,3062
1784,2618
1785,2524
1785,2642
1785,3220
1787,2360
1789,2558
1789,3078
1789,3226
1789,2785
1790,2219
1790,2648
1790,2970
1790,2795
1790,1895
1791,1913
1791,2941
1791,1992
1791,1965
1792,2616
1795,2591
1796,2188
1796,2579
1796,2102
1797,2159
1797,1880
1797,2081
1797,2080
1797,2190
1799,2780
1799,2326
1799,2158
1799,2249
1800,3008
1800,2249
1800,2065
1801,2341
1801,3119
1801,2386
1801,2390
1801,2690
1803,2503
1803,2563
1803,2570
1804,2316
1804,2946
1805,2726
1805,2559
1805,2416
1806,2992
1806,2192
1807,1859
1807,2514
1807,1815
1808,3030
1808,2458
1809,2043
1809,2979
1810,2012
1810,1985
1811,3027
1811,2072
1811,2875
1811,2345
1812,2275
1812,2136
1812,2513
1813,2456
1813,2670
1813,3179
1814,2463
1814,3085
1814,2405
1814,2925
1815,1859
1815,2330
1815,3086
1815,1942
1816,2000
1816,2904
1817,3018
1817,2285
1817,2057
1818,1959
1818,1832
1819,2792
1820,2468
1820,2137
1821,2605
1821,2315
1821,1931
1822,2610
1822,2804
1822,3052
1822,2261
1823,2614
1823,2212
1823,2608
1824,2591
1824,2186
1824,2206
1824,2813
1825,2370
1825,2347
1825,2075
1826,1958
1826,2243
1826,1888
1826,3136
1826,1864
1827,2363
1827,2311
1827,1938
1828,2773
1828,2879
1828,2230
1828,2475
1828,2211
1829,2199
1829,1936
1829,3182
1829,2471
1830,3171
1830,2040
1831,3036
1831,3177
1831,2321
1831,3129
1832,1959
1832,2525
1832,2686
1832,2535
1833,2889
1834,2426
1834,1963
1834,2724
1835,2872
1835,2470
1835,2335
1836,2359
1836,3201
1836,2145
1837,2813
1837,2493
1837,3095
1837,2765
1837,2644
1838,2880
1839,2349
1839,3149
1839,2635
1839,2539
1839,2096
1840,2550
1840,2942
1840,2038
1840,1944
1842,3102
1842,2640
1842,2068
1843,2939
1843,2210
1844,1970
1844,3233
1844,2671
1844,1957
1844,2259
1845,2629
1845,2972
1845,2126
1845,2939
1846,2630
1846,2167
1846,2971
1847,3156
1847,1868
1847,3143
1847,2521
1848,3035
1848,2183
1848,2695
1849,2485
1849,2116
1849,2744
1849,3159
1850,2341
1850,2334
1850,2386
1851,2313
1852,2327
1853,2014
1853,2287
1853,2036
1854,2486
1855,2535
1855,2612
1856,2772
1856,2351
1856,2093
1857,2367
1858,3068
1859,3178
1859,2477
1859,2330
1860,1879
1860,1896
1860,3165
1860,2554
1861,2905
1861,1929
1862,2344
1863,2439
1863,2720
1864,1888
1864,2324
1864,3136
1864,2165
1865,3220
1865,3048
1865,2273
1866,2012
1866,2682
1866,1979
1867,2843
1868,2003
1868,2355
1868,3156
1869,2265
1869,2114
1870,2506
1871,2428
1871,1995
1871,2537
1871,2496
1872,2580
1872,2160
1872,2062
1872,3121
1872,3115
1872,1936
1873,1967
1874,1933
1874,2379
1875,2060
1875,2455
1875,3160
1876,2712
1876,2504
1876,2684
1876,2560
1878,3073
1879,2822
1880,2334
1880,2159
1880,2386
1880,2081
1880,2390
1882,2803
1882,3081
1882,2182
1883,2449
1883,2641
1886,2161
1886,1978
1887,2085
1887,2187
1887,2394
1887,1908
1887,1960
1888,2243
1888,2298
1888,2324
1889,2520
1889,2858
1889,2135
1890,2352
1890,1926
1890,2868
1891,2153
1892,2355
1892,3156
1893,3003
1894,3117
1894,2622
1895,2648
1895,2795
1896,3165
1897,2303
1897,2914
1897,2930
1897,2490
1898,2044
1898,2203
1898,2079
1898,2398
1899,3226
1900,2076
1901,2520
1901,3108
1902,2135
1902,1913
1902,2941
1903,2511
1903,2696
1903,3080
1903,2681
1904,3093
1904,2217
1904,2710
1906,1978
1906,3033
1907,3222
1907,2494
1907,3029
1908,1960
1908,3023
1909,1911
1909,2854
1909,2616
1910,3206
1910,2212
1911,2678
1912,2063
1912,3051
1913,2135
1913,2941
1914,2127
1915,2673
1915,2510
1915,2938
1916,2755
1916,3088
1917,3135
1917,2241
1918,3209
1918,3049
1918,2359
1919,2229
1919,2046
1919,2652
1920,2674
1920,3120
1920,3227
1923,2631
1923,2530
1923,2974
1924,2749
1924,3100
1924,2128
1924,1927
1925,2806
1925,2128
1926,3022
1926,3196
1927,2531
1927,2128
1929,3019
1929,2775
1930,2639
1931,2315
1931,2481
1931,2433
1932,2034
1932,1956
1932,3088
1932,3004
1934,2607
1934,2354
1934,2594
1935,2357
1935,3224
1936,2062
1936,3115
1936,3182
1937,2897
1937,2143
1938,2311
1939,2984
1939,2596
1939,2232
1940,3012
1940,3220
1941,2406
1942,2330
1942,3086
1942,2636
1943,2266
1943,3041
1944,2038
1944,2651
1945,2425
1945,2808
1945,2866
1946,2314
1946,2373
1946,2967
1947,3026
1947,2311
1947,2881
1947,2434
1947,2098
1948,2033
1948,3093
1949,2891
1949,2239
1949,2495
1949,3200
1949,2639
1950,2592
1950,2268
1950,2223
1950,2712
1950,2818
1950,2504
1951,2859
1951,1983
1951,2201
1952,2623
1952,2621
1953,2343
1953,3142
1953,2288
1953,2209
1954,2901
1955,3141
1955,2236
1955,2824
1956,2615
1956,2034
1956,3004
1957,3173
1957,2259
1957,2522
1958,3110
1958,2243
1959,2525
1960,3023
1961,2877
1961,2822
1962,2095
1962,3059
1963,2426
1963,2255
1964,2314
1964,2008
1966,1990
1966,2006
1967,2612
1968,2061
1968,2079
1968,3078
1968,2398
1969,2510
1969,2654
1969,2140
1970,2654
1970,2140
1971,2724
1971,2758
1972,2234
1972,2247
1972,1973
1973,2247
1974,1975
1974,2860
1974,2245
1974,2187
1974,2144
1974,2394
1975,2080
1975,2189
1975,2860
1976,3094
1976,2821
1977,2981
1977,1978
1977,2703
1977,3105
1977,2502
1978,2981
1978,2502
1979,2908
1979,2303
1979,2914
1981,2656
1981,2909
1982,2176
1982,2164
1983,3166
1983,2859
1983,2887
1985,2491
1985,2908
1986,2169
1986,2200
1986,2733
1987,2899
1987,2926
1988,2066
1988,3072
1989,2773
1990,3007
1990,2582
1990,3194
1991,3169
1991,2536
1991,2241
1992,2254
1993,2559
1993,2007
1993,2183
1994,3005
1994,2040
1995,3066
1995,3065
1995,2428
1995,2537
1996,2061
1996,2079
1997,2442
1997,2473
1997,2759
1997,2977
1998,2405
1998,2925
1998,2439
1998,2427
1999,2988
1999,2961
1999,3099
1999,2277
2000,2904
2001,2254
2001,2707
2002,2764
2003,2355
2003,3113
2004,3043
2004,2798
2004,2817
2004,2503
2005,2750
2005,2959
2006,2309
2006,2489
2007,2755
2007,2183
2007,2956
2008,2877
2008,2178
2009,2331
2009,2279
2009,2425
2009,2808
2010,3188
2011,2860
2011,2144
2011,2875
2012,2682
2013,2112
2013,3003
2014,2581
2014,2652
2014,2287
2014,2036
2015,2834
2015,3064
2015,2073
2016,2655
2016,3204
2016,2443
2017,2229
2017,2876
2017,2291
2017,2045
2017,2046
2018,2927
2018,2992
2019,2799
2019,2104
2019,3022
2020,2812
2021,2340
2021,2145
2021,2926
2021,2937
2021,3140
2022,2253
2023,3070
2023,2900
2024,2924
2025,3209
2025,2614
2026,2357
2027,2665
2028,2432
2028,2951
2028,2168
2029,2238
2029,2675
2029,2087
2030,2482
2030,3031
2030,2693
2031,3138
2031,2629
2032,2329
2032,3034
2033,2070
2033,2404
2034,3088
2035,3068
2035,3029
2037,2237
2037,2176
2038,3148
2038,2734
2038,2551
2039,2276
2040,3171
2040,3005
2040,2133
2041,2663
2041,2291
2042,2422
2043,2175
2043,2048
2043,2666
2044,2496
2044,2342
2044,2203
2045,2229
2045,2046
2045,2843
2046,2229
2046,2843
2047,2179
2049,2257
2050,2632
2051,2434
2051,2098
2051,2723
2052,2566
2052,2571
2052,2101
2053,2401
2053,2692
2053,2789
2053,3132
2053,2708
2053,2506
2054,3089
2054,2691
2054,2770
2055,2741
2056,2492
2056,3039
2057,2285
2057,2854
2058,2147
2058,2677
2059,2112
2061,2558
2061,2079
2061,3078
2062,2597
2062,2580
2062,3182
2063,2898
2063,3051
2065,2587
2066,2861
2067,2912
2068,2640
2068,2873
2069,2892
2069,2121
2069,2827
2070,2457
2070,2771
2070,2404
2071,2819
2071,3221
2071,3193
2072,2457
2072,2345
2073,3064
2073,2450
2073,3067
2073,2825
2073,2117
2073,3045
2074,2933
2075,2936
2075,2347
2075,2366
2076,2926
2076,3140
2076,2599
2077,3040
2077,3087
2078,2242
2078,2725
2078,2864
2079,2398
2080,2159
2080,2190
2080,2189
2081,2386
2081,2390
2081,2190
2084,2634
2085,2245
2085,2187
2087,2675
2087,2632
2089,2720
2089,3125
2089,2290
2089,2339
2089,2543
2090,2177
2090,3124
2090,2707
2090,3089
2091,2964
2091,2740
2092,3192
2092,3007
2092,3097
2093,2351
2093,2841
2093,2529
2094,2807
2095,3189
2095,2338
2095,2266
2096,2635
2096,2722
2096,2304
2097,2705
2097,3121
2098,2881
2098,2434
2099,2344
2100,2978
2100,2397
2102,2850
2102,2146
2103,2174
2103,3168
2103,2745
2103,2369
2104,2799
2105,2866
2106,2318
2106,2282
2107,2857
2107,2855
2107,2970
2108,2658
2109,2924
2109,2270
2109,2239
2110,2827
2110,3075
2110,2800
2111,2232
2111,2129
2111,2603
2113,2662
2113,2500
2113,2882
2114,2265
2114,2729
2115,2544
2116,2485
2117,2450
2117,2643
2117,3045
2118,2199
2119,2942
2120,3179
2120,3032
2121,2636
2123,2998
2123,2865
2124,2436
2124,2796
2124,2400
2125,2867
2125,2405
2126,2972
2126,2952
2127,2610
2128,2806
2128,2749
2129,2232
2129,2603
2129,2251
2130,2955
2130,3216
2131,2699
2133,2711
2134,3180
2134,2519
2134,3019
2135,3108
2136,2275
2136,3138
2137,2679
2137,3044
2138,3121
2138,3115
2138,2999
2140,2654
2140,3173
2141,2606
2141,2772
2141,2512
2142,2143
2143,2565
2144,2860
2144,2269
2144,2394
2145,3201
2145,2340
2145,2348
2145,2937
2145,3140
2146,2850
2147,2438
2147,2677
2148,2410
2148,2308
2148,2969
2149,2776
2150,2380
2151,2742
2151,2651
2152,2637
2152,2545
2153,2846
2154,2677
2154,2542
2155,3091
2155,2828
2156,2248
2156,2998
2156,2586
2156,2659
2157,2704
2158,2326
2158,2455
2159,2334
2159,2641
2159,2346
2159,2189
2160,2688
2160,2580
2161,2193
2163,2181
2163,2896
2163,2521
2163,2255
2164,2237
2164,2176
2165,2972
2165,2952
2166,2963
2166,3158
2167,3120
2167,2630
2168,2951
2168,2963
2168,2611
2169,3152
2169,2198
2169,2200
2170,2728
2170,2531
2171,2484
2171,2975
2171,2805
2171,2441
2171,2472
2172,2262
2172,2356
2173,2540
2174,2861
2174,3168
2174,2745
2176,2237
2177,2737
2177,3126
2177,2254
2177,3124
2177,2707
2178,2877
2178,2967
2179,2200
2179,3110
2180,2376
2180,2762
2181,3230
2181,3143
2181,2896
2181,2521
2182,3081
2182,3210
2182,3042
2183,3035
2184,2452
2184,2371
2186,2591
2187,2245
2187,2394
2188,2579
2189,2372
2189,2346
2189,2687
2191,3084
2191,2393
2191,2780
2192,3082
2194,2738
2194,2656
2194,2374
2195,3126
2195,3125
2196,2542
2197,3036
2197,2600
2197,2321
2197,2934
2197,2601
2201,2859
2201,2874
2201,2862
2202,3128
2202,3060
2203,2342
2204,2631
2205,2541
2205,2234
2206,2551
2206,2812
2207,2826
2207,3215
2208,2367
2209,3142
2209,2525
2210,2498
2210,2280
2211,2773
2212,3206
2212,2614
2212,3188
2213,3208
2214,3004
2215,2389
2215,2216
2215,2376
2216,2389
2217,3093
2217,3171
2217,3005
2217,2710
2218,2369
2218,2645
2218,2430
2221,2485
2222,2911
2222,2267
2222,2451
2222,2668
2223,2268
2223,2965
2223,2818
2224,2515
2224,2783
2225,2284
2227,2320
2227,3176
2228,2909
2229,2876
2230,2271
2230,2879
2230,2383
2230,2475
2231,2833
2234,2541
2234,2336
2234,2247
2235,2295
2235,2987
2235,3103
2235,2816
2235,2579
2236,2604
2236,3141
2236,2824
2238,3203
2239,2270
2239,3228
2240,3002
2241,3169
2241,3170
2242,2516
2242,2660
2243,2298
2244,2703
2244,2699
2247,2336
2248,2998
2248,2586
2249,3008
2250,2872
2250,2335
2250,2509
2252,2791
2253,2366
2254,2737
2254,2707
2256,2837
2258,2968
2259,2671
2259,2522
2260,2507
2260,3178
2261,3052
2262,3020
2262,2977
2263,2977
2263,2988
2264,2530
2264,3025
2264,2974
2265,2549
2266,2338
2266,3041
2267,2375
2267,2668
2268,2592
2271,2649
2271,2383
2272,2423
2272,2646
2273,3048
2274,2841
2275,2632
2275,2513
2276,3146
2276,2966
2277,3099
2277,2743
2277,2976
2279,2331
2279,2425
2280,2498
2281,2774
2281,3041
2282,2823
2282,2318
2283,2454
2283,2952
2285,2873
2285,3018
2285,2854
2286,2890
2286,2879
2287,2843
2288,2343
2290,2543
2290,2437
2291,2876
2292,2992
2293,2505
2293,2436
2295,2987
2295,3103
2296,2302
2296,2784
2296,2594
2297,2683
2297,2784
2297,2940
2297,3123
2297,2766
2297,2515
2298,2324
2299,2709
2299,2986
2299,2896
2300,2682
2300,3050
2301,3010
2301,2721
2302,2683
2302,2784
2302,2601
2303,2914
2303,2930
2303,2490
2304,3013
2304,2378
2304,2895
2304,3118
2306,2777
2306,3228
2307,3179
2307,3032
2307,2680
2307,2353
2308,2410
2309,3197
2309,2638
2309,2489
2310,2317
2310,3114
2311,2434
2312,2458
2312,2602
2313,2318
2315,3055
2315,3047
2315,2481
2316,3223
2316,2946
2318,2823
2319,3223
2319,2653
2319,2946
2320,2478
2320,2624
2320,2514
2321,3036
2321,3177
2321,2600
2321,2601
2321,3129
2323,3116
2323,2625
2323,3210
2324,2653
2325,2348
2325,2519
2326,2780
2326,2455
2327,3212
2328,3111
2328,2593
2330,2477
2331,2819
2332,2647
2333,2409
2333,2446
2333,3164
2334,2386
2335,2872
2335,2509
2336,3035
2336,2541
2337,2753
2337,2869
2337,3137
2337,3162
2338,3189
2338,2517
2338,3041
2339,3001
2339,2543
2339,3131
2340,2359
2340,2608
2340,3201
2340,2926
2341,2386
2342,2496
2342,2494
2343,2840
2345,2457
2345,2771
2346,2641
2347,2370
2347,2433
2347,2936
2348,2937
2348,2412
2349,3149
2349,2635
2350,2423
2350,2793
2350,2572
2353,2584
2353,2384
2354,2607
2354,3202
2354,3084
2355,3156
2356,3100
2357,2532
2357,2628
2357,2948
2358,2444
2358,2747
2359,2608
2359,3201
2360,2848
2361,3056
2361,2887
2367,2442
2368,2921
2368,2751
2371,3219
2371,3214
2371,2732
2373,2967
2374,2656
2374,2575
2374,2909
2375,2446
2375,3164
2375,2668
2375,2836
2376,2762
2378,3149
2378,2539
2378,2895
2379,2930
2381,2636
2381,2892
2382,3231
2383,2863
2385,2906
2385,2488
2385,2402
2385,2431
2386,2390
2388,2408
2389,2561
2390,2690
2393,2533
2393,3084
2395,3229
2397,2500
2397,2978
2399,2718
2399,2597
2399,2689
2400,2796
2400,2463
2401,2739
2401,2534
2401,2692
2401,2691
2401,2789
2402,2488
2402,3011
2402,2431
2402,3206
2403,2468
2403,2467
2404,3079
2405,2925
2406,3095
2406,2644
2407,2765
2407,2644
2407,2609
2407,2847
2407,3096
2408,2814
2408,2913
2409,2446
2410,3224
2410,2945
2410,2969
2411,3175
2411,2929
2412,2937
2412,3140
2412,2599
2413,2576
2414,2815
2414,2479
2416,2726
2416,2562
2416,2755
2418,2466
2419,2557
2419,2706
2420,2598
2420,2626
2421,3127
2422,2423
2423,2646
2423,2793
2424,3037
2425,2808
2427,2558
2428,3066
2429,2698
2430,2645
2430,2435
2431,3206
2433,2936
2435,2645
2435,2451
2437,2543
2437,3130
2438,3218
2440,2700
2441,2472
2442,2464
2443,2933
2443,2767
2444,2497
2444,2476
2444,2747
2446,3164
2447,2465
2449,2641
2450,3064
2450,2643
2451,2645
2451,2911
2454,2487
2456,3184
2457,2771
2458,3030
2459,2615
2459,2820
2460,2529
2460,2657
2460,2550
2463,3085
2464,2643
2464,2727
2466,2588
2467,2468
2468,2743
2470,2626
2473,2759
2474,2901
2474,2755
2475,2863
2476,2497
2477,3178
2478,2624
2479,3117
2480,3073
2480,3040
2482,2693
2483,2993
2484,2975
2484,2661
2485,2941
2485,2744
2486,2628
2488,3011
2489,2638
2489,2856
2490,2914
2490,3180
2491,3049
2492,2869
2492,3137
2492,3039
2493,2813
2493,3095
2494,2672
2495,2891
2495,3200
2496,2537
2496,3222
2497,2943
2497,2851
2500,2882
2502,2703
2502,3105
2502,3043
2502,2798
2503,2798
2504,2712
2504,2818
2505,2788
2505,2511
2506,3132
2506,2708
2507,3178
2508,3155
2508,2633
2509,2872
2510,3155
2510,2673
2511,2788
2512,2606
2513,2918
2514,2624
2514,2518
2515,2940
2515,3123
2515,2766
2515,2783
2516,2889
2516,2971
2516,2660
2517,2802
2517,2774
2518,2935
2518,2524
2518,2944
2519,3019
2521,3143
2522,2581
2522,2652
2524,2935
2524,2944
2527,2922
2529,2841
2530,2974
2531,2661
2532,2628
2533,2594
2533,2783
2534,2543
2534,2739
2534,2692
2537,3222
2538,3202
2538,3084
2539,3149
2541,3035
2543,3131
2543,3130
2546,2778
2548,3021
2549,3053
2551,2734
2554,3165
2554,3192
2556,2779
2558,3078
2560,2684
2563,2578
2563,2797
2563,2570
2563,2786
2565,2714
2566,3232
2566,2571
2569,3218
2570,2786
2570,2750
2571,3017
2572,2793
2572,2870
2574,3121
2576,3062
2576,3122
2576,2768
2577,2788
2578,2817
2578,2797
2579,2987
2579,2816
2579,3106
2580,2782
2580,2985
2580,2597
2580,2688
2581,2652
2582,3007
2582,2968
2584,3058
2586,2659
2586,3050
2587,2714
2587,2717
2590,3098
2591,2813
2592,3034
2592,2618
2593,3111
2593,2742
2596,2984
2597,2985
2597,2718
2598,3169
2599,2937
2599,3140
2600,3036
2600,2934
2601,2683
2601,3129
2603,3209
2605,2647
2607,2730
2608,3201
2609,2765
2609,3096
2610,3052
2611,2963
2612,2865
2615,2820
2617,2953
2617,3207
2618,3034
2619,2761
2619,2886
2620,2906
2620,2893
2621,2623
2624,3000
2625,2886
2625,3183
2626,2695
2628,2948
2629,2835
2629,2972
2631,2974
2632,2675
2633,3063
2633,3155
2633,3154
2636,3086
2638,3139
2639,3200
2639,2697
2639,2880
2640,2757
2640,2775
2640,3102
2642,3220
2644,3095
2644,2765
2645,3205
2645,2911
2646,2793
2646,2731
2647,3044
2648,2904
2649,3112
2651,3177
2653,3223
2655,3204
2656,2738
2656,2909
2657,3111
2658,3191
2659,3050
2659,2704
2660,2971
2662,2862
2663,2918
2664,3072
2667,3101
2667,3006
2668,2836
2668,3157
2669,2970
2671,3233
2672,3092
2672,2840
2673,3155
2673,3154
2673,2960
2674,3227
2678,3187
2679,3044
2680,3032
2680,2931
2681,2990
2681,3080
2683,2784
2684,2769
2685,2713
2689,2718
2689,2735
2690,3119
2690,2811
2690,2735
2691,3131
2691,2739
2691,2770
2691,2789
2692,2708
2693,3031
2694,2821
2695,3035
2697,3200
2697,2904
2697,2880
2700,2954
2700,2826
2703,3105
2706,3122
2707,3089
2710,3171
2713,3216
2713,2893
2714,2717
2717,3014
2718,2985
2718,2811
2718,2735
2719,3009
2720,3125
2721,3010
2721,3134
2724,3074
2724,2758
2725,2864
2727,2746
2728,2748
2728,3172
2729,3053
2730,3227
2731,2793
2731,2980
2732,3214
2732,2954
2734,3148
2735,2811
2737,3074
2739,3131
2743,2961
2743,2976
2745,2861
2748,3172
2749,2806
2749,3100
2750,2786
2751,2921
2752,2808
2756,3080
2757,3019
2757,2775
2757,3102
2758,3074
2759,3021
2760,2828
2761,2920
2761,2995
2761,2886
2764,2794
2766,2940
2766,2897
2767,2933
2768,3122
2770,2789
2774,3041
2775,3019
2776,3170
2777,3228
2778,3087
2781,2829
2782,3119
2782,2985
2782,3107
2783,3123
2784,3123
2785,3226
2786,2797
2789,3132
2790,2791
2792,2915
2795,2970
2798,3043
2800,2827
2801,2839
2801,2845
2801,2916
2801,3000
2802,3037
2805,2975
2805,2953
2807,2949
2809,3159
2809,3234
2809,3053
2810,3141
2811,3119
2811,2985
2813,2994
2813,2947
2813,3095
2814,3091
2814,2913
2815,3071
2815,3083
2816,3103
2818,2965
2819,3038
2823,3113
2823,2932
2825,3067
2825,3174
2825,3045
2826,2954
2828,3091
2829,2943
2830,3023
2830,3028
2834,2838
2835,2972
2836,3157
2839,2845
2839,2916
2846,2984
2848,2885
2851,2943
2851,2997
2852,2960
2852,2918
2853,2861
2855,3193
2855,2857
2856,2961
2857,3221
2857,2878
2858,3074
2859,2874
2862,2874
2868,3128
2869,3137
2871,2947
2873,3018
2874,3183
2878,3221
2878,2970
2880,2904
2881,3026
2883,3129
2883,3153
2887,3056
2887,3166
2892,3220
2894,3217
2895,2964
2895,3118
2898,3147
2898,3076
2899,3147
2900,3070
2900,2966
2902,2964
2904,3200
2907,2990
2907,3066
2907,3065
2908,2914
2910,2915
2911,3205
2912,2962
2912,3195
2915,3028
2916,3000
2917,2919
2917,3213
2919,3213
2920,2995
2923,3101
2926,3140
2927,2999
2927,3109
2928,3143
2929,2995
2929,3175
2932,3113
2934,3030
2935,3176
2937,3140
2938,3173
2945,2962
2945,3224
2945,2969
2946,3223
2947,3095
2950,3157
2952,2972
2953,2975
2953,3207
2959,3232
2962,3195
2966,3146
2966,3070
2968,3007
2968,3097
2973,3021
2976,3099
2980,3145
2980,3144
2982,3016
2982,2983
2985,3119
2988,3099
2990,3066
2995,3175
3001,3124
3001,3131
3004,3073
3005,3171
3006,3101
3007,3192
3007,3097
3010,3011
3013,3118
3016,3109
3018,3144
3021,3139
3022,3196
3024,3170
3027,3057
3029,3133
3029,3222
3032,3179
3036,3177
3039,3137
3039,3162
3042,3210
3045,3067
3045,3174
3047,3055
3048,3220
3048,3076
3049,3209
3056,3166
3058,3184
3060,3128
3062,3122
3063,3203
3063,3154
3064,3225
3065,3066
3065,3133
3070,3146
3071,3083
3077,3225
3078,3226
3084,3202
3085,3190
3090,3163
3097,3192
3110,3127
3115,3121
3116,3210
3124,3126
3133,3222
3137,3162
3143,3230
3150,3161
3154,3155
3159,3234
3167,3207
3186,3234
3188,3206
3193,3221
3194,3197
3214,3219
